Workbook

Sheet TKB_LOP_SC
A1: Tiểu học và THCS UNIGO Năm học 2026 - 2027 Học kỳ 1 | F1: THỜI KHOÁ BIỂU số 1 | N1: THỜI KHOÁ BIỂU số 1 | X1: THỜI KHOÁ BIỂU số 1 | AJ1: THỜI KHOÁ BIỂU số 1
A4: THỨ | B4: TIẾT | C4: 1A1 | E4: 1C1 | G4: 2A1 | I4: 2C1 | K4: THỨ | L4: TIẾT | M4: 3A1 | O4: 3C1 | Q4: 4C1 | S4: 5C1 | U4: THỨ | V4: TIẾT | W4: 6A1 | Y4: 7A1 | AA4: 8A1 | AC4: TTH 1 | AE4: TTH2 | AG4: THỨ | AH4: TIẾT | AI4: TT3 | AK4: Blue Sky | AM4: Brighstar | AO4: Sunny | AQ4: Sunshine
C5: Sáng | D5: Chiều | E5: Sáng | F5: Chiều | G5: Sáng | H5: Chiều | I5: Sáng | J5: Chiều | M5: Sáng | N5: Chiều | O5: Sáng | P5: Chiều | Q5: Sáng | R5: Chiều | S5: Sáng | T5: Chiều | W5: Sáng | X5: Chiều | Y5: Sáng | Z5: Chiều | AA5: Sáng | AB5: Chiều | AC5: Sáng | AD5: Chiều | AE5: Sáng | AF5: Chiều | AI5: Sáng | AJ5: Chiều | AK5: Sáng | AL5: Chiều | AM5: Sáng | AN5: Chiều | AO5: Sáng | AP5: Chiều | AQ5: Sáng | AR5: Chiều
A6: 2 | B6: 1 | C6: Đạo đức - Ngọc Ánh | D6: GVVN - Trang | E6: Đạo đức - Nhi | F6: TViệt - Nhi | G6: Đạo đức - Linh TH | H6: Tiếng Trung - Thanh | I6: Đạo đức - Xuân | J6: GVNN - Tay, Trà | K6: 2 | L6: 1 | M6: HĐTN - Ngọc | N6: GDTC - Hồng | O6: Đạo đức - Ly | P6: TViệt - Ly | Q6: GVVN - Quỳnh | R6: Toán - Phương Anh | S6: HĐTN - Chi | T6: GVVN - Bích | U6: 2 | V6: 1 | W6: LS&ĐL - Hà | X6: GDĐP - Ánh NV | Y6: GDĐP - Ánh NV | Z6: Tin - Nguyên | AA6: Toán - Tân | AB6: Toán - Tân | AC6: SH tập thể - Hiền | AD6: HĐ tự chọn - Hiền | AE6: SH tập thể - MN1 | AF6: HĐ tự chọn - MN1 | AG6: 2 | AH6: 1 | AI6: SH tập thể - MN2 | AJ6: HĐ tự chọn - MN2 | AO6: GVNN - Aziz, Dung
B7: 2 | C7: GVVN - Trang | D7: TViệt - Ngọc Ánh | E7: GVNN - Tay, Huyền | F7: GVVN - Huyền | G7: TViệt - Linh TH | H7: Toán - Linh TH | I7: GVVN - Trà | J7: Science - Trà | L7: 2 | M7: Viết sáng tạo - Xuân | N7: GDTC - Hồng | O7: Toán - Chi | P7: Tiếng Trung - Thanh | Q7: TViệt - Ly | R7: TViệt - Ly | S7: Science - Bích | T7: GVNN - Tay, Bích | V7: 2 | W7: GVVN - Chánh | X7: Văn - Hà | Y7: Nhạc - Trang ÂN | Z7: Văn - Ánh NV | AA7: GVVN - Quỳnh | AB7: Tiếng Trung - Châu | AC7: Đọc sách - Hiền | AD7: TViệt - Hiền | AE7: Đọc sách - MN1 | AF7: GVVN - Trang | AH7: 2 | AI7: TViệt - MN2 | AJ7: GVVN - Trang | AK7: GVNN - Aziz Quỳnh | AO7: GVVN - Linh | AR7: GVNN - Aziz, Phượng
B8: 3 | C8: Toán - Ngọc Ánh | D8: TViệt - Ngọc Ánh | E8: Nhạc - Trang ÂN | F8: Toán - Phương Anh | G8: TViệt - Linh TH | H8: GVVN - Trang | I8: TViệt - Xuân | J8: Viết sáng tạo - Xuân | L8: 3 | M8: TViệt - Ngọc | N8: GVVN - Trà | O8: TViệt - Ly | P8: Science - Bích | Q8: HĐTN - Phương Anh | R8: Tiếng Trung - Thanh | S8: Toán - Chi | T8: Toán - Chi | V8: 3 | W8: GVNN - Tay, Chánh | X8: Văn - Hà | Y8: Toán - Tân | Z8: Tiếng Trung - Châu | AA8: LS&ĐL - Hà | AB8: GVNN - Tay, Quỳnh | AC8: GVVN - Huyền | AD8: GDTC - Hồng | AE8: GDTC - Hồng | AF8: TViệt - MN1 | AH8: 3 | AI8: Toán - MN2 | AJ8: Đọc sách - MN2 | AM8: GVNN - Aziz, Ngân | AN8: GVVN - Linh | AP8: GVNN - Aziz, Dung | AQ8: GVVN - Linh
B9: 4 | C9: Tin - Nguyên | D9: KCST - Ngọc Ánh | E9: Science - Trà | F9: TViệt - Nhi | G9: GVVN - Trang | H9: TNXH - Linh TH | I9: TViệt - Xuân | J9: Tiếng Trung - Thanh | L9: 4 | M9: TNXH - Nhi | N9: GVVN - Trà | O9: Toán - Chi | P9: GVNN - Tay, Bích | Q9: GVNN - Tay, Quỳnh | R9: Đạo đức - Ly | S9: TViệt - Ngọc | T9: TViệt - Ngọc | V9: 4 | W9: Nhạc - Trang ÂN | X9: Tiếng Trung - Châu | Y9: GVVN - Chánh | Z9: LS&ĐL - Hà | AA9: Văn - Ánh NV | AB9: HĐTN - Phương Anh | AC9: GVNN - Aziz, Huyền | AD9: GDTC - Hồng | AE9: GDTC - Hồng | AF9: GVNN - Aziz, Huyền | AH9: 4 | AI9: Toán - MN2 | AJ9: GVNN - Kel, Huyền | AL9: GVVN - Linh
B10: 5 | L10: 5 | V10: 5 | W10: Toán - Tân | Y10: GVVN - Chánh | AA10: Văn - Ánh NV | AH10: 5
A11: 3 | B11: 1 | C11: TViệt - Ngọc Ánh | D11: TNXH - Ngọc Ánh | E11: Toán - Phương Anh | F11: GVVN - Huyền | G11: TViệt - LinhTH | H11: Tin - Nguyên | I11: Toán - Chi | J11: TNXH - Xuân | K11: 3 | L11: 1 | M11: TDNN - Nhi | N11: GVVN - Trà | O11: GDTC - Hồng | P11: Toán - Chi | Q11: Nhạc - Trang ÂN | R11: GVVN - Quỳnh | S11: GVNN - Tay, Bích | T11: TViệt - Ngọc | U11: 3 | V11: 1 | W11: KHTN - Nhung | X11: Toán - Tân | Y11: GVNN - Tay, Chánh | Z11: GVNN - Tay, Chánh | AA11: Toán - Tân | AB11: KHTN - Nhung | AC11: Toán - Hiền | AD11: HĐ tự chọn - Hiền | AE11: Toán - MN1 | AF11: HĐ tự chọn - MN1 | AG11: 3 | AH11: 1 | AI11: Tìm hiểu thiên nhiên - MN2 | AJ11: HĐ tự chọn - MN2 | AQ11: GVNN - Aziz, Phượng
B12: 2 | C12: TViệt - Ngọc Ánh | D12: Toán - Ngọc Ánh | E12: GVNN - Tay, Huyền | F12: Tin - Nguyên | G12: TViệt - Linh TH | H12: GVVN - Trang | I12: TViệt - Xuân | J12: GVVN - Trà | L12: 2 | M12: Nhạc - Trang ÂN | N12: Toán - Ngọc | O12: GDTC - Hồng | P12: TViệt - Ly | Q12: GVNN - Tay, Quỳnh | R12: Toán - Phương Anh | S12: LS&ĐL - Ly | T12: GVVN - Bích | V12: 2 | W12: KHTN - Nhung | X12: Văn - Hà | Y12: Toán - Tân | Z12: Toán - Tân | AA12: GDCD - Hà | AB12: KHTN - Nhung | AC12: Toán - Hiền | AD12: Tìm hiểu thiên nhiên - Hiền | AE12: Toán - MN1 | AF12: Tìm hiểu thiên nhiên - MN1 | AH12: 2 | AI12: Lối sống - MN2 | AJ12: Tìm hiểu thiên nhiên - MN2 | AK12: GVNN - Aziz, Quỳnh | AN12: GVVN - Linh | AP12: GVNN - Aziz, Dung
B13: 3 | C13: Nhạc - Trang ÂN | D13: KCST - Ngọc Ánh | E13: TViệt - Nhi | F13: GDTC - Hồng | G13: GVVN - Trang | H13: Toán - Linh TH | I13: Science - Trà | J13: Toán - Chi | L13: 3 | M13: TViệt - Ngọc | N13: Toán - Ngọc | O13: GVNN - Tay, Bích | P13: TViệt - Ly | Q13: LS&ĐL - Ly | R13: Science - Quỳnh | S13: Tin - Nguyên | T13: Science - Bích | V13: 3 | W13: Văn - Hà | X13: Đọc sách - Hà | Y13: KHTN - Nhung | Z13: Tin - Nguyên | AA13: GVNN - Tay, Quỳnh | AB13: Văn - Ánh NV | AC13: Tìm hiểu thiên nhiên - Hiền | AD13: TViệt - Hiền | AE13: Tìm hiểu thiên nhiên - MN1 | AF13: GVVN - Trang | AH13: 3 | AI13: GDTC - Hồng | AJ13: GVVN - Trang | AL13: GVNN - Aziz, Quỳnh | AM13: GVNN - Aziz, Ngân | AO13: GVVN - Linh
B14: 4 | C14: GVVN - Trang | D14: GVVN - Trang | E14: TViệt - Nhi | F14: GDTC - Hồng | G14: TNXH - Linh TH | H14: Toán - Linh TH | I14: GVNN - Tay, Trà | J14: TViệt - Xuân | L14: 4 | M14: TViệt - Ngọc | N14: GVVN - Trà | O14: Toán - Chi | P14: GVVN - Bích | Q14: Toán - Phương Anh | R14: TViệt - Ly | S14: Robotics - Nguyên | T14: Toán - Chi | V14: 4 | W14: GVNN - Tay, Chánh | X14: Toán - Tân | Y14: KHTN - Nhung | Z14: Robotics - Nguyên | AA14: GVVN - Quỳnh | AB14: Văn - Ánh NV | AC14: Lối sống - Hiền | AD14: GVVN - Huyền | AE14: Lối sống - MN1 | AF14: TViệt - MN1 | AH14: 4 | AI14: GDTC - Hồng | AJ14: TViệt - MN2 | AN14: GVNN - Aziz, Ngân | AR14: GVVN - Linh
B15: 5 | L15: 5 | V15: 5 | W15: GVNN - Tay, Chánh | Y15: Văn - Ánh NV | AA15: Toán - Tân | AH15: 5
A16: 4 | B16: 1 | C16: TViệt - Ngọc Ánh | D16: TNXH - Ngọc Ánh | E16: GVVN - Huyền | F16: Science - Trà | G16: GVNN - Aziz, Trang | H16: GVNN - Aziz, Trang | I16: GVNN - Tay, Trà | J16: Toán - Chi | K16: 4 | L16: 1 | M16: Toán - Ngọc | N16: Tiếng Trung - Thanh | O16: Toán - Chi | P16: Mĩ thuật - Phương | Q16: TViệt - Ly | R16: Toán - Phương Anh | S16: GVVN - Bích | T16: GVNN - Tay, Bích | U16: 4 | V16: 1 | W16: Tiếng Trung - Châu | X16: GVNN - Tay, Chánh | Y16: Văn - Ánh NV | Z16: Toán - Tân | AA16: Toán - Tân | AB16: Văn - Ánh NV | AC16: Lối sống - Hiền | AD16: HĐ tự chọn - Hiền | AE16: Lối sống - MN1 | AF16: HĐ tự chọn - MN1 | AG16: 4 | AH16: 1 | AI16: Mĩ thuật - Phương | AJ16: HĐ tự chọn - MN2 | AO16: GVVN - Linh
B17: 2 | C17: TViệt - Ngọc Ánh | D17: GVNN - Aziz, Trang | E17: TViệt - Nhi | F17: Tiếng Trung - Thanh | G17: Viết sáng tạo - Xuân | H17: TViệt - Linh TH | I17: Toán - Chi | J17: GVVN - Trà | L17: 2 | M17: Robotics - Nguyên | N17: TNXH - Nhi | O17: GVNN - Tay, Bích | P17: TViệt - Ly | Q17: GVVN - Quỳnh | R17: Science - Quỳnh | S17: TViệt - Ly | T17: Toán - Chi | V17: 2 | W17: GVVN - Chánh | X17: GVVN - Chánh | Y17: Tiếng Trung - Châu | Z17: LS&ĐL - Hà | AA17: Nhạc - Trang ÂN | AB17: Mĩ thuật - Phương | AC17: KCST - Hiền | AD17: GVVN - Huyền | AE17: GVNN - Aziz, Huyền | AF17: Toán - MN1 | AH17: 2 | AI17: GVNN - Aziz, Huyền | AJ17: Toán - MN2 | AK17: GVVN - Linh | AP17: GVVN - Linh
B18: 3 | C18: Toán - Ngọc Ánh | D18: Tiếng Trung - Thanh | E18: TViệt - Nhi | F18: GVNN - Tay, Huyền | G18: GDTC - Hồng | H18: TViệt - Linh TH | I18: TViệt - Xuân | J18: GDTC - Hồng | L18: 3 | M18: GVNN - Aziz, Trà | N18: GVNN - Aziz, Trà | O18: Science - Bích | P18: GVVN - Bích | Q18: Mĩ thuật - Phương | R18: Tin - Nguyên | S18: Nhạc - Trang ÂN | T18: Mĩ thuật - Phương | V18: 3 | W18: Văn - Hà | X18: GDCD - Hà | Y18: GVVN - Chánh | Z18: GVNN - Tay, Chánh | AA18: Tiếng Trung - Châu | AB18: GVVN - Quỳnh | AC18: GVVN - Huyền | AD18: Toán - Hiền | AE18: GVVN - Trang | AF18: GVVN - Trang | AH18: 3 | AI18: GVVN - Trang | AJ18: GVVN - Trang | AL18: GVVN - Linh | AM18: GVVN - Linh
B19: 4 | C19: GVNN - Aziz, Trang | D19: Mĩ thuật - Phương | E19: KCST - Nhi | F19: Toán - Phương Anh | G19: GDTC - Hồng | H19: Robotics - Nguyên | I19: TViệt - Xuân | J19: GDTC - Hồng | L19: 4 | M19: TViệt - Ngọc | N19: Toán - Ngọc | O19: Tin - Nguyên | P19: TNXH - Nhi | Q19: Toán - Phương Anh | R19: GVNN - Tay, Quỳnh | S19: Toán - Chi | T19: Tiếng Trung - Thanh | V19: 4 | W19: Văn - Hà | X19: Toán - Tân | Y19: Văn - Ánh NV | Z19: Đọc sách - Ánh NV | AA19: GVNN - Tay, Quỳnh | AB19: LS&ĐL - Hà | AC19: Cảm xúc xã hội - Hiền | AD19: VĐ Ngoài trời - Hiền | AE19: Mĩ thuật - Phương | AF19: VĐ Ngoài trời - MN1 | AH19: 4 | AI19: Lối sống - MN2 | AJ19: VĐ Ngoài trời - MN2 | AN19: GVVN - Linh | AQ19: GVVN - Linh | AR19: GVNN - Aziz, Phượng
B20: 5 | L20: 5 | V20: 5 | W20: Mĩ thuật - Phương | Y20: GVNN - Tay, Chánh | AA20: Đọc sách - Ánh NV | AH20: 5
A21: 5 | B21: 1 | C21: GVNN - Aziz, Trang | D21: GVNN - Aziz, Trang | E21: GVVN - Huyền | F21: TViệt - Nhi | G21: Nhạc - Trang ÂN | H21: Viết sáng tạo - Xuân | I21: GVVN - Trà | J21: Toán - Chi | K21: 5 | L21: 1 | M21: Toán - Ngọc | N21: Tin - Nguyên | O21: GVNN - Tay, Bích | P21: TViệt - Ly | Q21: Toán - Phương Anh | R21: Toán - Phương Anh | S21: GDTC - Hồng | T21: GVNN - Tay, Bích | U21: 5 | V21: 1 | W21: KHTN - Nhung | X21: Toán - Tân | Y21: GVNN - Tay, Chánh | Z21: GVVN - Chánh | AA21: GVVN - Quỳnh | AB21: KHTN - Nhung | AC21: TViệt - Hiền | AD21: HĐ tự chọn - Hiền | AE21: TViệt - MN1 | AF21: HĐ tự chọn - MN1 | AG21: 5 | AH21: 1 | AI21: Tin - Nguyên | AJ21: HĐ tự chọn - MN2 | AO21: GVVN - Linh
B22: 2 | C22: Robotics - Nguyên | D22: TViệt - Ngọc Ánh | E22: GVNN - Tay, Huyền | F22: TViệt - Nhi | G22: GVNN - Aziz, Trang | H22: Toán - Linh TH | I22: Toán - Chi | J22: GVVN - Trà | L22: 2 | M22: TViệt - Ngọc | N22: Toán - Ngọc | O22: Nhạc - Trang ÂN | P22: GVVN - Bích | Q22: Science - Quỳnh | R22: GVNN - Tay, Quỳnh | S22: GDTC - Hồng | T22: Đạo đức - Xuân | V22: 2 | W22: KHTN - Nhung | X22: GVVN - Chánh | Y22: Toán - Tân | Z22: Toán - Tân | AA22: LS&ĐL - Hà | AB22: KHTN - Nhung | AC22: Vận động theo nhạc - Hiền | AD22: Tin - Nguyên | AE22: Cảm xúc xã hội - MN1 | AF22: GVVN - Trang | AH22: 2 | AI22: TViệt - MN2 | AJ22: GVVN - Trang | AM22: GVVN - Linh | AN22: GVVN - Linh | AP22: GVNN - Aziz, Dung
B23: 3 | C23: GDTC - Hồng | D23: TViệt - Ngọc Ánh | E23: Toán - Phương Anh | F23: Toán - Phương Anh | G23: TDNN - Linh TH | H23: TViệt - Linh TH | I23: Nhạc - Trang ÂN | J23: TNXH - Xuân | L23: 3 | M23: GVNN - Aziz, Trà | N23: GVNN - Aziz, Trà | O23: Toán - Chi | P23: Toán - Chi | Q23: TViệt - Ly | R23: GDTC - Hồng | S23: GVVN - Bích | T23: TViệt - Ngọc | V23: 3 | W23: GVNN - Tay, Chánh | X23: GVNN - Tay, Chánh | Y23: KHTN - Nhung | Z23: Văn - Ánh NV | AA23: Văn - Ánh NV | AB23: GVVN - Quỳnh | AC23: TViệt - Hiền | AD23: GVVN - Huyền | AE23: GVVN - Trang | AF23: Tin - Nguyên | AH23: 3 | AI23: GVVN - Trang | AJ23: Vận động theo nhạc - MN2 | AK23: GVVN - Linh | AL23: GVVN - Linh
B24: 4 | C24: GDTC - Hồng | D24: Toán - Ngọc Ánh | E24: TNXH - Nhi | F24: Robotics - Nguyên | G24: GVNN - Aziz, Trang | H24: TViệt - Linh TH | I24: Robotics - Nguyên | J24: GVNN - Tay, Trà | L24: 4 | M24: Viết sáng tạo - Xuân | N24: Đọc sách - Xuân | O24: GVVN - Bích | P24: Science - Bích | Q24: GVVN - Quỳnh | R24: GDTC - Hồng | S24: Toán - Chi | T24: Toán - Chi | V24: 4 | W24: LS&ĐL - Hà | X24: HĐTN - Phương Anh | Y24: KHTN - Nhung | Z24: Văn - Ánh NV | AA24: Văn - Ánh NV | AB24: Toán - Tân | AC24: GVVN - Huyền | AD24: GVNN - Aziz, Huyền | AE24: KCST - MN1 | AF24: Vận động theo nhạc - MN1 | AH24: 4 | AI24: Cảm xúc xã hội - MN2 | AJ24: Cãm xúc xã hội - MN2 | AR24: GVVN - Linh
B25: 5 | L25: 5 | V25: 5 | W25: Toán - Tân | Y25: GVNN - Tay, Chánh | AA25: GDĐP - Ánh NV | AH25: 5
A26: 6 | B26: 1 | C26: TViệt - Ngọc Ánh | D26: GVVN - Trang | E26: TViệt - Nhi | F26: GVVN - Huyền | G26: TDNN - Linh TH | H26: Đọc sách - Xuân | I26: Tin - Nguyên | J26: GVVN - Trà | K26: 6 | L26: 1 | M26: TViệt - Ngọc | N26: Đạo đức - Nhi | O26: Toán - Chi | P26: Toán - Chi | Q26: Toán - Phương Anh | R26: TViệt - Ly | S26: GVVN - Bích | T26: Science - Bích | U26: 6 | V26: 1 | W26: LS&ĐL - Hà | X26: GDTC - Hồng | Y26: Mĩ thuật - Phương | Z26: Toán - Tân | AA26: GDTC - Hồng | AB26: Tin - Nguyên | AC26: GVNN - Aziz Huyền | AD26: HĐ tự chọn - Hiền | AE26: Nhạc - Trang ÂN | AF26: HĐ tự chọn - MN1 | AG26: 6 | AH26: 1 | AI26: TViệt - MN2 | AJ26: HĐ tự chọn - MN2 | AQ26: GVVN - Linh
B27: 2 | C27: TViệt -Ngọc Ánh | D27: Đọc sách - Xuân | E27: GVVN - Huyền | F27: KCST - Nhi | G27: GVVN - Trang | H27: GVVN - Trang | I27: Mĩ thuật - Phương | J27: Toán - Chi | L27: 2 | M27: TViệt - Ngọc | N27: TViệt - Ngọc | O27: Robotics - Nguyên | P27: TViệt - Ly | Q27: GVVN - Quỳnh | R27: Toán - Phương Anh | S27: Toán - Chi | T27: GVVN - Bích | V27: 2 | W27: Toán - Tân | X27: GDTC - Hồng | Y27: GDCD - Hà | Z27: Toán - Tân | AA27: GDTC - Hồng | AB27: Robotics - Nguyên | AC27: Cãm xúc xã hội - Hiền | AD27: Mĩ thuật - Phương | AE27: TViệt - MN1 | AF27: Cảm xúc xã hội - MN1 | AH27: 2 | AI27: Nhạc - Trang ÂN | AJ27: KCST - MN2 | AK27: GVNN - Aziz, Quỳnh | AN27: GVVN - Linh | AO27: GVVN - Linh | AR27: GVNN - Aziz, Phượng
B28: 3 | C28: GVVN - Trang | D28: TViệt - Ngọc Ánh | E28: Mĩ thuật - Phương | F28: TNXH - Nhi | G28: Toán - Linh TH | H28: Mĩ thuật - Phương | I28: TViệt - Xuân | J28: Viết sáng tạo - Xuân | L28: 3 | M28: GVVN - Trà | N28: GVVN - Trà | O28: TNXH - Nhi | P28: GVVN - Bích | Q28: TViệt - Ly | R28: Robotics - Nguyên | S28: TViệt - Ngọc | T28: LS&ĐL - Ly | V28: 3 | W28: Toán - Tân | X28: Văn - Hà | Y28: LS&ĐL - Hà | Z28: Văn - Ánh NV | AA28: GVNN - Tay, Quỳnh | AB28: Toán - Tân | AC28: Nhạc - Trang ÂN | AD28: GVNN - Aziz, Huyền | AE28: TViệt - MN1 | AF28: Toán - MN1 | AH28: 3 | AI28: TViệt - MN2 | AJ28: Toán - MN2 | AL28: GVVN - Linh | AM28: GVNN - Aziz, Ngân
B29: 4 | C29: Toán - Ngọc Ánh | D29: HĐTN - Ngọc Ánh | E29: Toán - Phương Anh | F29: HĐTN - Nhi | G29: Toán - Linh TH | H29: HĐTN - Linh TH | I29: TViệt - Xuân | J29: HĐTN - Xuân | L29: 4 | M29: Mĩ thuật - Phương | N29: Toán - Ngọc | O29: GVVN - Bích | P29: HĐTN - Ly | Q29: LS&ĐL - Ly | R29: GVVN - Quỳnh | S29: TViệt - Ngọc | T29: Toán - Chi | V29: 4 | W29: Tin - Nguyên | X29: Văn - Hà | Y29: GDTC - Hồng | Z29: Văn - Ánh NV | AA29: GVVN - Quỳnh | AB29: Toán - Tân | AC29: TViệt - Hiền | AD29: Toán - Hiền | AE29: GVNN - Aziz, Huyền | AF29: GVNN - Aziz, Huyền | AH29: 4 | AI29: GVNN - Aziz, Huyền | AJ29: GVNN - Aziz, Huyền | AR29: GVVN - Linh
B30: 5 | L30: 5 | V30: 5 | W30: Robotics - Nguyên | Y30: GDTC - Hồng | AA30: Văn - Ánh NV | AH30: 5
D32: PHT THƯỜNG TRỰC | I32: NGƯỜI LẬP | N32: PHT THƯỜNG TRỰC | S32: NGƯỜI LẬP | W32: PHT THƯỜNG TRỰC | AB32: NGƯỜI LẬP | AI32: PHT THƯỜNG TRỰC | AN32: NGƯỜI LẬP
D35: Nguyễn Văn Khoa | I35: Trịnh Kiều Trang | N35: Nguyễn Văn Khoa | S35: Trịnh Kiều Trang | W35: Nguyễn Văn Khoa | AB35: Trịnh Kiều Trang | AI35: Nguyễn Văn Khoa | AN35: Trịnh Kiều Trang

Sheet TKB_GV_SC
A1: Tiểu học và THCS UNIGO Năm học 2024 - 2025 Học kỳ 1 | D1: THỜI KHOÁ BIỂU số 1
A4: THỨ | B4: TIẾT | C4: Chánh | E4: Châu | G4: quỳnh | I4: Chi | K4: Chi | M4: Trang | O4: Hiền | Q4: Hồng | S4: Quỳnh | U4: Ánh NV | W4: Linh | Y4: Ngọc | AA4: Trang | AC4: Nam | AE4: Bích | AG4: Trang | AI4: Nhung | AK4: Phương | AM4: Ly | AO4: Xuân | AQ4: Chánh | AS4: Chi | AU4: GVM | AW4: GVM | AY4: GVM | BA4: GVM | BC4: GVM | BE4: GVM | BG4: GVM | BI4: GVM | BK4: GVM | BM4: GVM | BO4: Kel | BQ4: Tay | BS4: Wady | BU4: Moe
C5: Sáng | D5: Chiều | E5: Sáng | F5: Chiều | G5: Sáng | H5: Chiều | I5: Sáng | J5: Chiều | K5: Sáng | L5: Chiều | M5: Sáng | N5: Chiều | O5: Sáng | P5: Chiều | Q5: Sáng | R5: Chiều | S5: Sáng | T5: Chiều | U5: Sáng | V5: Chiều | W5: Sáng | X5: Chiều | Y5: Sáng | Z5: Chiều | AA5: Sáng | AB5: Chiều | AC5: Sáng | AD5: Chiều | AE5: Sáng | AF5: Chiều | AG5: Sáng | AH5: Chiều | AI5: Sáng | AJ5: Chiều | AK5: Sáng | AL5: Chiều | AM5: Sáng | AN5: Chiều | AO5: Sáng | AP5: Chiều | AQ5: Sáng | AR5: Chiều | AS5: Sáng | AT5: Chiều | AU5: Sáng | AV5: Chiều | AW5: Sáng | AX5: Chiều | AY5: Sáng | AZ5: Chiều | BA5: Sáng | BB5: Chiều | BC5: Sáng | BD5: Chiều | BE5: Sáng | BF5: Chiều | BG5: Sáng | BH5: Chiều | BI5: Sáng | BJ5: Chiều | BK5: Sáng | BL5: Chiều | BM5: Sáng | BN5: Chiều | BO5: Sáng | BP5: Chiều | BQ5: Sáng | BR5: Chiều | BS5: Sáng | BT5: Chiều | BU5: Sáng | BV5: Chiều
A6: 2 | B6: 1 | C6: =IFERROR(VLOOKUP($A$6&$C$5&$B6&$C$4,TKB_LOP_CHECK!$B$65:$J$860,9,0),"") | D6: =IFERROR(VLOOKUP($A$6&$D$5&$B6&$C$4,TKB_LOP_CHECK!$B$65:$J$860,9,0),"") | E6: =IFERROR(VLOOKUP($A$6&$C$5&$B6&$E$4,TKB_LOP_CHECK!$B$65:$J$860,9,0),"") | F6: =IFERROR(VLOOKUP($A$6&$D$5&$B6&$E$4,TKB_LOP_CHECK!$B$65:$J$860,9,0),"") | G6: =IFERROR(VLOOKUP($A$6&$C$5&$B6&$G$4,TKB_LOP_CHECK!$B$65:$J$860,9,0),"") -> GVVN -4C1 | H6: =IFERROR(VLOOKUP($A$6&$D$5&$B6&$G$4,TKB_LOP_CHECK!$B$65:$J$860,9,0),"") | I6: =IFERROR(VLOOKUP($A$6&$C$5&$B6&$I$4,TKB_LOP_CHECK!$B$65:$J$860,9,0),"") -> HĐTN -5C1 | J6: =IFERROR(VLOOKUP($A$6&$D$5&$B6&$I$4,TKB_LOP_CHECK!$B$65:$J$860,9,0),"") | K6: =IFERROR(VLOOKUP($A$6&$C$5&$B6&$K$4,TKB_LOP_CHECK!$B$65:$J$860,9,0),"") -> HĐTN -5C1 | L6: =IFERROR(VLOOKUP($A$6&$D$5&$B6&$K$4,TKB_LOP_CHECK!$B$65:$J$860,9,0),"") | M6: =IFERROR(VLOOKUP($A$6&$C$5&$B6&$M$4,TKB_LOP_CHECK!$B$65:$J$860,9,0),"") | N6: =IFERROR(VLOOKUP($A$6&$D$5&$B6&$M$4,TKB_LOP_CHECK!$B$65:$J$860,9,0),"") -> GVVN -1A1 | O6: =IFERROR(VLOOKUP($A$6&$C$5&$B6&$O$4,TKB_LOP_CHECK!$B$65:$J$860,9,0),"") -> SH tập thể -TTH1 | P6: =IFERROR(VLOOKUP($A$6&$D$5&$B6&$O$4,TKB_LOP_CHECK!$B$65:$J$860,9,0),"") -> HĐ tự chọn -TTH1 | Q6: =IFERROR(VLOOKUP($A$6&$C$5&$B6&$Q$4,TKB_LOP_CHECK!$B$65:$J$860,9,0),"") | R6: =IFERROR(VLOOKUP($A$6&$D$5&$B6&$Q$4,TKB_LOP_CHECK!$B$65:$J$860,9,0),"") -> GDTC -3A1 | S6: =IFERROR(VLOOKUP($A$6&$C$5&$B6&$S$4,TKB_LOP_CHECK!$B$65:$J$860,9,0),"") -> GVVN -4C1 | T6: =IFERROR(VLOOKUP($A$6&$D$5&$B6&$S$4,TKB_LOP_CHECK!$B$65:$J$860,9,0),"") | U6: =IFERROR(VLOOKUP($A$6&$C$5&$B6&$U$4,TKB_LOP_CHECK!$B$65:$J$860,9,0),"") -> GDĐP -7A1 | V6: =IFERROR(VLOOKUP($A$6&$D$5&$B6&$U$4,TKB_LOP_CHECK!$B$65:$J$860,9,0),"") -> GDĐP -6A1 | W6: =IFERROR(VLOOKUP($A$6&$C$5&$B6&$W$4,TKB_LOP_CHECK!$B$65:$J$860,9,0),"") | X6: =IFERROR(VLOOKUP($A$6&$D$5&$B6&$W$4,TKB_LOP_CHECK!$B$65:$J$860,9,0),"") | Y6: =IFERROR(VLOOKUP($A$6&$C$5&$B6&$Y$4,TKB_LOP_CHECK!$B$65:$J$860,9,0),"") | Z6: =IFERROR(VLOOKUP($A$6&$D$5&$B6&$Y$4,TKB_LOP_CHECK!$B$65:$J$860,9,0),"") | AA6: =IFERROR(VLOOKUP($A$6&$C$5&$B6&$AA$4,TKB_LOP_CHECK!$B$65:$J$860,9,0),"") | AB6: =IFERROR(VLOOKUP($A$6&$D$5&$B6&$AA$4,TKB_LOP_CHECK!$B$65:$J$860,9,0),"") -> GVVN -1A1 | AC6: =IFERROR(VLOOKUP($A$6&$C$5&$B6&$AC$4,TKB_LOP_CHECK!$B$65:$J$860,9,0),"") | AD6: =IFERROR(VLOOKUP($A$6&$D$5&$B6&$AC$4,TKB_LOP_CHECK!$B$65:$J$860,9,0),"") | AE6: =IFERROR(VLOOKUP($A$6&$C$5&$B6&$AE$4,TKB_LOP_CHECK!$B$65:$J$860,9,0),"") | AF6: =IFERROR(VLOOKUP($A$6&$D$5&$B6&$AE$4,TKB_LOP_CHECK!$B$65:$J$860,9,0),"") -> GVVN -5C1 | AG6: =IFERROR(VLOOKUP($A$6&$C$5&$B6&$AG$4,TKB_LOP_CHECK!$B$65:$J$860,9,0),"") | AH6: =IFERROR(VLOOKUP($A$6&$D$5&$B6&$AG$4,TKB_LOP_CHECK!$B$65:$J$860,9,0),"") -> GVVN -1A1 | AI6: =IFERROR(VLOOKUP($A$6&$C$5&$B6&$AI$4,TKB_LOP_CHECK!$B$65:$J$860,9,0),"") | AJ6: =IFERROR(VLOOKUP($A$6&$D$5&$B6&$AI$4,TKB_LOP_CHECK!$B$65:$J$860,9,0),"") | AK6: =IFERROR(VLOOKUP($A$6&$C$5&$B6&$AK$4,TKB_LOP_CHECK!$B$65:$J$860,9,0),"") | AL6: =IFERROR(VLOOKUP($A$6&$D$5&$B6&$AK$4,TKB_LOP_CHECK!$B$65:$J$860,9,0),"") | AM6: =IFERROR(VLOOKUP($A$6&$C$5&$B6&$AM$4,TKB_LOP_CHECK!$B$65:$J$860,9,0),"") -> Đạo đức -3C1 | AN6: =IFERROR(VLOOKUP($A$6&$D$5&$B6&$AM$4,TKB_LOP_CHECK!$B$65:$J$860,9,0),"") -> TViệt -3C1 | AO6: =IFERROR(VLOOKUP($A$6&$C$5&$B6&$AO$4,TKB_LOP_CHECK!$B$65:$J$860,9,0),"") -> Đạo đức -2C1 | AP6: =IFERROR(VLOOKUP($A$6&$D$5&$B6&$AO$4,TKB_LOP_CHECK!$B$65:$J$860,9,0),"") | AQ6: =IFERROR(VLOOKUP($A$6&$C$5&$B6&$AQ$4,TKB_LOP_CHECK!$B$65:$J$860,9,0),"") | AR6: =IFERROR(VLOOKUP($A$6&$D$5&$B6&$AQ$4,TKB_LOP_CHECK!$B$65:$J$860,9,0),"") | AS6: =IFERROR(VLOOKUP($A$6&$C$5&$B6&$AS$4,TKB_LOP_CHECK!$B$65:$J$860,9,0),"") -> HĐTN -5C1 | AT6: =IFERROR(VLOOKUP($A$6&$D$5&$B6&$AS$4,TKB_LOP_CHECK!$B$65:$J$860,9,0),"") | AU6: =IFERROR(VLOOKUP($A$6&$C$5&$B6&$AU$4,TKB_LOP_CHECK!$B$65:$J$860,9,0),"") | AV6: =IFERROR(VLOOKUP($A$6&$D$5&$B6&$AU$4,TKB_LOP_CHECK!$B$65:$J$860,9,0),"") | AW6: =IFERROR(VLOOKUP($A$6&$C$5&$B6&$AW$4,TKB_LOP_CHECK!$B$65:$J$860,9,0),"") | AX6: =IFERROR(VLOOKUP($A$6&$D$5&$B6&$AW$4,TKB_LOP_CHECK!$B$65:$J$860,9,0),"") | AY6: =IFERROR(VLOOKUP($A$6&$C$5&$B6&$AY$4,TKB_LOP_CHECK!$B$65:$J$860,9,0),"") | AZ6: =IFERROR(VLOOKUP($A$6&$D$5&$B6&$AY$4,TKB_LOP_CHECK!$B$65:$J$860,9,0),"") | BA6: =IFERROR(VLOOKUP($A$6&$C$5&$B6&$BA$4,TKB_LOP_CHECK!$B$65:$J$860,9,0),"") | BB6: =IFERROR(VLOOKUP($A$6&$D$5&$B6&$BA$4,TKB_LOP_CHECK!$B$65:$J$860,9,0),"") | BC6: =IFERROR(VLOOKUP($A$6&$C$5&$B6&$BC$4,TKB_LOP_CHECK!$B$65:$J$860,9,0),"") | BD6: =IFERROR(VLOOKUP($A$6&$D$5&$B6&$BC$4,TKB_LOP_CHECK!$B$65:$J$860,9,0),"") | BE6: =IFERROR(VLOOKUP($A$6&$C$5&$B6&$BE$4,TKB_LOP_CHECK!$B$65:$J$860,9,0),"") | BF6: =IFERROR(VLOOKUP($A$6&$D$5&$B6&$BE$4,TKB_LOP_CHECK!$B$65:$J$860,9,0),"") | BG6: =IFERROR(VLOOKUP($A$6&$C$5&$B6&$BG$4,TKB_LOP_CHECK!$B$65:$J$860,9,0),"") | BH6: =IFERROR(VLOOKUP($A$6&$D$5&$B6&$BG$4,TKB_LOP_CHECK!$B$65:$J$860,9,0),"") | BI6: =IFERROR(VLOOKUP($A$6&$C$5&$B6&$BI$4,TKB_LOP_CHECK!$B$65:$J$860,9,0),"") | BJ6: =IFERROR(VLOOKUP($A$6&$D$5&$B6&$BI$4,TKB_LOP_CHECK!$B$65:$J$860,9,0),"") | BK6: =IFERROR(VLOOKUP($A$6&$C$5&$B6&$BK$4,TKB_LOP_CHECK!$B$65:$J$860,9,0),"") | BL6: =IFERROR(VLOOKUP($A$6&$D$5&$B6&$BK$4,TKB_LOP_CHECK!$B$65:$J$860,9,0),"") | BM6: =IFERROR(VLOOKUP($A$6&$C$5&$B6&$BM$4,TKB_LOP_CHECK!$B$65:$J$860,9,0),"") | BN6: =IFERROR(VLOOKUP($A$6&$D$5&$B6&$BM$4,TKB_LOP_CHECK!$B$65:$J$860,9,0),"") | BO6: =IFERROR(VLOOKUP($A$6&$C$5&$B6&$BO$4,TKB_LOP_CHECK!$A$65:$J$860,10,0),"") | BP6: =IFERROR(VLOOKUP($A$6&$D$5&$B6&$BO$4,TKB_LOP_CHECK!$A$65:$J$860,10,0),"") | BQ6: =IFERROR(VLOOKUP($A$6&$C$5&$B6&$BQ$4,TKB_LOP_CHECK!$A$65:$J$860,10,0),"") | BR6: =IFERROR(VLOOKUP($A$6&$D$5&$B6&$BQ$4,TKB_LOP_CHECK!$A$65:$J$860,10,0),"") -> GVNN -2C1 | BS6: =IFERROR(VLOOKUP($A$6&$C$5&$B6&$BS$4,TKB_LOP_CHECK!$A$65:$J$860,10,0),"") | BT6: =IFERROR(VLOOKUP($A$6&$D$5&$B6&$BS$4,TKB_LOP_CHECK!$A$65:$J$860,10,0),"") | BU6: =IFERROR(VLOOKUP($A$6&$C$5&$B6&$BU$4,TKB_LOP_CHECK!$A$65:$J$860,10,0),"") | BV6: =IFERROR(VLOOKUP($A$6&$D$5&$B6&$BU$4,TKB_LOP_CHECK!$A$65:$J$860,10,0),"")
B7: 2 | C7: =IFERROR(VLOOKUP($A$6&$C$5&$B7&$C$4,TKB_LOP_CHECK!$B$65:$J$860,9,0),"") -> GVVN -6A1 | D7: =IFERROR(VLOOKUP($A$6&$D$5&$B7&$C$4,TKB_LOP_CHECK!$B$65:$J$860,9,0),"") | E7: =IFERROR(VLOOKUP($A$6&$C$5&$B7&$E$4,TKB_LOP_CHECK!$B$65:$J$860,9,0),"") | F7: =IFERROR(VLOOKUP($A$6&$D$5&$B7&$E$4,TKB_LOP_CHECK!$B$65:$J$860,9,0),"") -> Tiếng Trung -8A1 | G7: =IFERROR(VLOOKUP($A$6&$C$5&$B7&$G$4,TKB_LOP_CHECK!$B$65:$J$860,9,0),"") -> GVVN -8A1 | H7: =IFERROR(VLOOKUP($A$6&$D$5&$B7&$G$4,TKB_LOP_CHECK!$B$65:$J$860,9,0),"") | I7: =IFERROR(VLOOKUP($A$6&$C$5&$B7&$I$4,TKB_LOP_CHECK!$B$65:$J$860,9,0),"") -> Toán -3C1 | J7: =IFERROR(VLOOKUP($A$6&$D$5&$B7&$I$4,TKB_LOP_CHECK!$B$65:$J$860,9,0),"") | K7: =IFERROR(VLOOKUP($A$6&$C$5&$B7&$K$4,TKB_LOP_CHECK!$B$65:$J$860,9,0),"") -> Toán -3C1 | L7: =IFERROR(VLOOKUP($A$6&$D$5&$B7&$K$4,TKB_LOP_CHECK!$B$65:$J$860,9,0),"") | M7: =IFERROR(VLOOKUP($A$6&$C$5&$B7&$M$4,TKB_LOP_CHECK!$B$65:$J$860,9,0),"") -> GVVN -1A1 | N7: =IFERROR(VLOOKUP($A$6&$D$5&$B7&$M$4,TKB_LOP_CHECK!$B$65:$J$860,9,0),"") -> GVVN -TTH2 | O7: =IFERROR(VLOOKUP($A$6&$C$5&$B7&$O$4,TKB_LOP_CHECK!$B$65:$J$860,9,0),"") -> Đọc sách -TTH1 | P7: =IFERROR(VLOOKUP($A$6&$D$5&$B7&$O$4,TKB_LOP_CHECK!$B$65:$J$860,9,0),"") -> TViệt -TTH1 | Q7: =IFERROR(VLOOKUP($A$6&$C$5&$B7&$Q$4,TKB_LOP_CHECK!$B$65:$J$860,9,0),"") | R7: =IFERROR(VLOOKUP($A$6&$D$5&$B7&$Q$4,TKB_LOP_CHECK!$B$65:$J$860,9,0),"") -> GDTC -3A1 | S7: =IFERROR(VLOOKUP($A$6&$C$5&$B7&$S$4,TKB_LOP_CHECK!$B$65:$J$860,9,0),"") -> GVVN -8A1 | T7: =IFERROR(VLOOKUP($A$6&$D$5&$B7&$S$4,TKB_LOP_CHECK!$B$65:$J$860,9,0),"") | U7: =IFERROR(VLOOKUP($A$6&$C$5&$B7&$U$4,TKB_LOP_CHECK!$B$65:$J$860,9,0),"") | V7: =IFERROR(VLOOKUP($A$6&$D$5&$B7&$U$4,TKB_LOP_CHECK!$B$65:$J$860,9,0),"") -> Văn -7A1 | W7: =IFERROR(VLOOKUP($A$6&$C$5&$B7&$W$4,TKB_LOP_CHECK!$B$65:$J$860,9,0),"") | X7: =IFERROR(VLOOKUP($A$6&$D$5&$B7&$W$4,TKB_LOP_CHECK!$B$65:$J$860,9,0),"") | Y7: =IFERROR(VLOOKUP($A$6&$C$5&$B7&$Y$4,TKB_LOP_CHECK!$B$65:$J$860,9,0),"") | Z7: =IFERROR(VLOOKUP($A$6&$D$5&$B7&$Y$4,TKB_LOP_CHECK!$B$65:$J$860,9,0),"") | AA7: =IFERROR(VLOOKUP($A$6&$C$5&$B7&$AA$4,TKB_LOP_CHECK!$B$65:$J$860,9,0),"") -> GVVN -1A1 | AB7: =IFERROR(VLOOKUP($A$6&$D$5&$B7&$AA$4,TKB_LOP_CHECK!$B$65:$J$860,9,0),"") -> GVVN -TTH2 | AC7: =IFERROR(VLOOKUP($A$6&$C$5&$B7&$AC$4,TKB_LOP_CHECK!$B$65:$J$860,9,0),"") | AD7: =IFERROR(VLOOKUP($A$6&$D$5&$B7&$AC$4,TKB_LOP_CHECK!$B$65:$J$860,9,0),"") | AE7: =IFERROR(VLOOKUP($A$6&$C$5&$B7&$AE$4,TKB_LOP_CHECK!$B$65:$J$860,9,0),"") -> Science -5C1 | AF7: =IFERROR(VLOOKUP($A$6&$D$5&$B7&$AE$4,TKB_LOP_CHECK!$B$65:$J$860,9,0),"") -> GVNN -5C1 | AG7: =IFERROR(VLOOKUP($A$6&$C$5&$B7&$AG$4,TKB_LOP_CHECK!$B$65:$J$860,9,0),"") -> GVVN -1A1 | AH7: =IFERROR(VLOOKUP($A$6&$D$5&$B7&$AG$4,TKB_LOP_CHECK!$B$65:$J$860,9,0),"") -> GVVN -TTH2 | AI7: =IFERROR(VLOOKUP($A$6&$C$5&$B7&$AI$4,TKB_LOP_CHECK!$B$65:$J$860,9,0),"") | AJ7: =IFERROR(VLOOKUP($A$6&$D$5&$B7&$AI$4,TKB_LOP_CHECK!$B$65:$J$860,9,0),"") | AK7: =IFERROR(VLOOKUP($A$6&$C$5&$B7&$AK$4,TKB_LOP_CHECK!$B$65:$J$860,9,0),"") | AL7: =IFERROR(VLOOKUP($A$6&$D$5&$B7&$AK$4,TKB_LOP_CHECK!$B$65:$J$860,9,0),"") | AM7: =IFERROR(VLOOKUP($A$6&$C$5&$B7&$AM$4,TKB_LOP_CHECK!$B$65:$J$860,9,0),"") -> TViệt -4C1 | AN7: =IFERROR(VLOOKUP($A$6&$D$5&$B7&$AM$4,TKB_LOP_CHECK!$B$65:$J$860,9,0),"") -> TViệt -4C1 | AO7: =IFERROR(VLOOKUP($A$6&$C$5&$B7&$AO$4,TKB_LOP_CHECK!$B$65:$J$860,9,0),"") -> Viết sáng tạo -3A1 | AP7: =IFERROR(VLOOKUP($A$6&$D$5&$B7&$AO$4,TKB_LOP_CHECK!$B$65:$J$860,9,0),"") | AQ7: =IFERROR(VLOOKUP($A$6&$C$5&$B7&$AQ$4,TKB_LOP_CHECK!$B$65:$J$860,9,0),"") -> GVVN -6A1 | AR7: =IFERROR(VLOOKUP($A$6&$D$5&$B7&$AQ$4,TKB_LOP_CHECK!$B$65:$J$860,9,0),"") | AS7: =IFERROR(VLOOKUP($A$6&$C$5&$B7&$AS$4,TKB_LOP_CHECK!$B$65:$J$860,9,0),"") -> Toán -3C1 | AT7: =IFERROR(VLOOKUP($A$6&$D$5&$B7&$AS$4,TKB_LOP_CHECK!$B$65:$J$860,9,0),"") | AU7: =IFERROR(VLOOKUP($A$6&$C$5&$B7&$AU$4,TKB_LOP_CHECK!$B$65:$J$860,9,0),"") | AV7: =IFERROR(VLOOKUP($A$6&$D$5&$B7&$AU$4,TKB_LOP_CHECK!$B$65:$J$860,9,0),"") | AW7: =IFERROR(VLOOKUP($A$6&$C$5&$B7&$AW$4,TKB_LOP_CHECK!$B$65:$J$860,9,0),"") | AX7: =IFERROR(VLOOKUP($A$6&$D$5&$B7&$AW$4,TKB_LOP_CHECK!$B$65:$J$860,9,0),"") | AY7: =IFERROR(VLOOKUP($A$6&$C$5&$B7&$AY$4,TKB_LOP_CHECK!$B$65:$J$860,9,0),"") | AZ7: =IFERROR(VLOOKUP($A$6&$D$5&$B7&$AY$4,TKB_LOP_CHECK!$B$65:$J$860,9,0),"") | BA7: =IFERROR(VLOOKUP($A$6&$C$5&$B7&$BA$4,TKB_LOP_CHECK!$B$65:$J$860,9,0),"") | BB7: =IFERROR(VLOOKUP($A$6&$D$5&$B7&$BA$4,TKB_LOP_CHECK!$B$65:$J$860,9,0),"") | BC7: =IFERROR(VLOOKUP($A$6&$C$5&$B7&$BC$4,TKB_LOP_CHECK!$B$65:$J$860,9,0),"") | BD7: =IFERROR(VLOOKUP($A$6&$D$5&$B7&$BC$4,TKB_LOP_CHECK!$B$65:$J$860,9,0),"") | BE7: =IFERROR(VLOOKUP($A$6&$C$5&$B7&$BE$4,TKB_LOP_CHECK!$B$65:$J$860,9,0),"") | BF7: =IFERROR(VLOOKUP($A$6&$D$5&$B7&$BE$4,TKB_LOP_CHECK!$B$65:$J$860,9,0),"") | BG7: =IFERROR(VLOOKUP($A$6&$C$5&$B7&$BG$4,TKB_LOP_CHECK!$B$65:$J$860,9,0),"") | BH7: =IFERROR(VLOOKUP($A$6&$D$5&$B7&$BG$4,TKB_LOP_CHECK!$B$65:$J$860,9,0),"") | BI7: =IFERROR(VLOOKUP($A$6&$C$5&$B7&$BI$4,TKB_LOP_CHECK!$B$65:$J$860,9,0),"") | BJ7: =IFERROR(VLOOKUP($A$6&$D$5&$B7&$BI$4,TKB_LOP_CHECK!$B$65:$J$860,9,0),"") | BK7: =IFERROR(VLOOKUP($A$6&$C$5&$B7&$BK$4,TKB_LOP_CHECK!$B$65:$J$860,9,0),"") | BL7: =IFERROR(VLOOKUP($A$6&$D$5&$B7&$BK$4,TKB_LOP_CHECK!$B$65:$J$860,9,0),"") | BM7: =IFERROR(VLOOKUP($A$6&$C$5&$B7&$BM$4,TKB_LOP_CHECK!$B$65:$J$860,9,0),"") | BN7: =IFERROR(VLOOKUP($A$6&$D$5&$B7&$BM$4,TKB_LOP_CHECK!$B$65:$J$860,9,0),"") | BO7: =IFERROR(VLOOKUP($A$6&$C$5&$B7&$BO$4,TKB_LOP_CHECK!$A$65:$J$860,10,0),"") | BP7: =IFERROR(VLOOKUP($A$6&$D$5&$B7&$BO$4,TKB_LOP_CHECK!$A$65:$J$860,10,0),"") | BQ7: =IFERROR(VLOOKUP($A$6&$C$5&$B7&$BQ$4,TKB_LOP_CHECK!$A$65:$J$860,10,0),"") -> GVNN -1C1 | BR7: =IFERROR(VLOOKUP($A$6&$D$5&$B7&$BQ$4,TKB_LOP_CHECK!$A$65:$J$860,10,0),"") -> GVNN -5C1 | BS7: =IFERROR(VLOOKUP($A$6&$C$5&$B7&$BS$4,TKB_LOP_CHECK!$A$65:$J$860,10,0),"") | BT7: =IFERROR(VLOOKUP($A$6&$D$5&$B7&$BS$4,TKB_LOP_CHECK!$A$65:$J$860,10,0),"") | BU7: =IFERROR(VLOOKUP($A$6&$C$5&$B7&$BU$4,TKB_LOP_CHECK!$A$65:$J$860,10,0),"") | BV7: =IFERROR(VLOOKUP($A$6&$D$5&$B7&$BU$4,TKB_LOP_CHECK!$A$65:$J$860,10,0),"")
B8: 3 | C8: =IFERROR(VLOOKUP($A$6&$C$5&$B8&$C$4,TKB_LOP_CHECK!$B$65:$J$860,9,0),"") -> GVNN -6A1 | D8: =IFERROR(VLOOKUP($A$6&$D$5&$B8&$C$4,TKB_LOP_CHECK!$B$65:$J$860,9,0),"") | E8: =IFERROR(VLOOKUP($A$6&$C$5&$B8&$E$4,TKB_LOP_CHECK!$B$65:$J$860,9,0),"") | F8: =IFERROR(VLOOKUP($A$6&$D$5&$B8&$E$4,TKB_LOP_CHECK!$B$65:$J$860,9,0),"") -> Tiếng Trung -7A1 | G8: =IFERROR(VLOOKUP($A$6&$C$5&$B8&$G$4,TKB_LOP_CHECK!$B$65:$J$860,9,0),"") | H8: =IFERROR(VLOOKUP($A$6&$D$5&$B8&$G$4,TKB_LOP_CHECK!$B$65:$J$860,9,0),"") -> GVNN -8A1 | I8: =IFERROR(VLOOKUP($A$6&$C$5&$B8&$I$4,TKB_LOP_CHECK!$B$65:$J$860,9,0),"") -> Toán -5C1 | J8: =IFERROR(VLOOKUP($A$6&$D$5&$B8&$I$4,TKB_LOP_CHECK!$B$65:$J$860,9,0),"") -> Toán -5C1 | K8: =IFERROR(VLOOKUP($A$6&$C$5&$B8&$K$4,TKB_LOP_CHECK!$B$65:$J$860,9,0),"") -> Toán -5C1 | L8: =IFERROR(VLOOKUP($A$6&$D$5&$B8&$K$4,TKB_LOP_CHECK!$B$65:$J$860,9,0),"") -> Toán -5C1 | M8: =IFERROR(VLOOKUP($A$6&$C$5&$B8&$M$4,TKB_LOP_CHECK!$B$65:$J$860,9,0),"") | N8: =IFERROR(VLOOKUP($A$6&$D$5&$B8&$M$4,TKB_LOP_CHECK!$B$65:$J$860,9,0),"") -> GVVN -2A1 | O8: =IFERROR(VLOOKUP($A$6&$C$5&$B8&$O$4,TKB_LOP_CHECK!$B$65:$J$860,9,0),"") | P8: =IFERROR(VLOOKUP($A$6&$D$5&$B8&$O$4,TKB_LOP_CHECK!$B$65:$J$860,9,0),"") | Q8: =IFERROR(VLOOKUP($A$6&$C$5&$B8&$Q$4,TKB_LOP_CHECK!$B$65:$J$860,9,0),"") -> GDTC -TTH2 | R8: =IFERROR(VLOOKUP($A$6&$D$5&$B8&$Q$4,TKB_LOP_CHECK!$B$65:$J$860,9,0),"") -> GDTC -TTH1 | S8: =IFERROR(VLOOKUP($A$6&$C$5&$B8&$S$4,TKB_LOP_CHECK!$B$65:$J$860,9,0),"") | T8: =IFERROR(VLOOKUP($A$6&$D$5&$B8&$S$4,TKB_LOP_CHECK!$B$65:$J$860,9,0),"") -> GVNN -8A1 | U8: =IFERROR(VLOOKUP($A$6&$C$5&$B8&$U$4,TKB_LOP_CHECK!$B$65:$J$860,9,0),"") | V8: =IFERROR(VLOOKUP($A$6&$D$5&$B8&$U$4,TKB_LOP_CHECK!$B$65:$J$860,9,0),"") | W8: =IFERROR(VLOOKUP($A$6&$C$5&$B8&$W$4,TKB_LOP_CHECK!$B$65:$J$860,9,0),"") | X8: =IFERROR(VLOOKUP($A$6&$D$5&$B8&$W$4,TKB_LOP_CHECK!$B$65:$J$860,9,0),"") | Y8: =IFERROR(VLOOKUP($A$6&$C$5&$B8&$Y$4,TKB_LOP_CHECK!$B$65:$J$860,9,0),"") -> TViệt -3A1 | Z8: =IFERROR(VLOOKUP($A$6&$D$5&$B8&$Y$4,TKB_LOP_CHECK!$B$65:$J$860,9,0),"") | AA8: =IFERROR(VLOOKUP($A$6&$C$5&$B8&$AA$4,TKB_LOP_CHECK!$B$65:$J$860,9,0),"") | AB8: =IFERROR(VLOOKUP($A$6&$D$5&$B8&$AA$4,TKB_LOP_CHECK!$B$65:$J$860,9,0),"") -> GVVN -2A1 | AC8: =IFERROR(VLOOKUP($A$6&$C$5&$B8&$AC$4,TKB_LOP_CHECK!$B$65:$J$860,9,0),"") | AD8: =IFERROR(VLOOKUP($A$6&$D$5&$B8&$AC$4,TKB_LOP_CHECK!$B$65:$J$860,9,0),"") | AE8: =IFERROR(VLOOKUP($A$6&$C$5&$B8&$AE$4,TKB_LOP_CHECK!$B$65:$J$860,9,0),"") | AF8: =IFERROR(VLOOKUP($A$6&$D$5&$B8&$AE$4,TKB_LOP_CHECK!$B$65:$J$860,9,0),"") -> Science -3C1 | AG8: =IFERROR(VLOOKUP($A$6&$C$5&$B8&$AG$4,TKB_LOP_CHECK!$B$65:$J$860,9,0),"") | AH8: =IFERROR(VLOOKUP($A$6&$D$5&$B8&$AG$4,TKB_LOP_CHECK!$B$65:$J$860,9,0),"") -> GVVN -2A1 | AI8: =IFERROR(VLOOKUP($A$6&$C$5&$B8&$AI$4,TKB_LOP_CHECK!$B$65:$J$860,9,0),"") | AJ8: =IFERROR(VLOOKUP($A$6&$D$5&$B8&$AI$4,TKB_LOP_CHECK!$B$65:$J$860,9,0),"") | AK8: =IFERROR(VLOOKUP($A$6&$C$5&$B8&$AK$4,TKB_LOP_CHECK!$B$65:$J$860,9,0),"") | AL8: =IFERROR(VLOOKUP($A$6&$D$5&$B8&$AK$4,TKB_LOP_CHECK!$B$65:$J$860,9,0),"") | AM8: =IFERROR(VLOOKUP($A$6&$C$5&$B8&$AM$4,TKB_LOP_CHECK!$B$65:$J$860,9,0),"") -> TViệt -3C1 | AN8: =IFERROR(VLOOKUP($A$6&$D$5&$B8&$AM$4,TKB_LOP_CHECK!$B$65:$J$860,9,0),"") | AO8: =IFERROR(VLOOKUP($A$6&$C$5&$B8&$AO$4,TKB_LOP_CHECK!$B$65:$J$860,9,0),"") -> TViệt -2C1 | AP8: =IFERROR(VLOOKUP($A$6&$D$5&$B8&$AO$4,TKB_LOP_CHECK!$B$65:$J$860,9,0),"") -> Viết sáng tạo -2C1 | AQ8: =IFERROR(VLOOKUP($A$6&$C$5&$B8&$AQ$4,TKB_LOP_CHECK!$B$65:$J$860,9,0),"") -> GVNN -6A1 | AR8: =IFERROR(VLOOKUP($A$6&$D$5&$B8&$AQ$4,TKB_LOP_CHECK!$B$65:$J$860,9,0),"") | AS8: =IFERROR(VLOOKUP($A$6&$C$5&$B8&$AS$4,TKB_LOP_CHECK!$B$65:$J$860,9,0),"") -> Toán -5C1 | AT8: =IFERROR(VLOOKUP($A$6&$D$5&$B8&$AS$4,TKB_LOP_CHECK!$B$65:$J$860,9,0),"") -> Toán -5C1 | AU8: =IFERROR(VLOOKUP($A$6&$C$5&$B8&$AU$4,TKB_LOP_CHECK!$B$65:$J$860,9,0),"") | AV8: =IFERROR(VLOOKUP($A$6&$D$5&$B8&$AU$4,TKB_LOP_CHECK!$B$65:$J$860,9,0),"") | AW8: =IFERROR(VLOOKUP($A$6&$C$5&$B8&$AW$4,TKB_LOP_CHECK!$B$65:$J$860,9,0),"") | AX8: =IFERROR(VLOOKUP($A$6&$D$5&$B8&$AW$4,TKB_LOP_CHECK!$B$65:$J$860,9,0),"") | AY8: =IFERROR(VLOOKUP($A$6&$C$5&$B8&$AY$4,TKB_LOP_CHECK!$B$65:$J$860,9,0),"") | AZ8: =IFERROR(VLOOKUP($A$6&$D$5&$B8&$AY$4,TKB_LOP_CHECK!$B$65:$J$860,9,0),"") | BA8: =IFERROR(VLOOKUP($A$6&$C$5&$B8&$BA$4,TKB_LOP_CHECK!$B$65:$J$860,9,0),"") | BB8: =IFERROR(VLOOKUP($A$6&$D$5&$B8&$BA$4,TKB_LOP_CHECK!$B$65:$J$860,9,0),"") | BC8: =IFERROR(VLOOKUP($A$6&$C$5&$B8&$BC$4,TKB_LOP_CHECK!$B$65:$J$860,9,0),"") | BD8: =IFERROR(VLOOKUP($A$6&$D$5&$B8&$BC$4,TKB_LOP_CHECK!$B$65:$J$860,9,0),"") | BE8: =IFERROR(VLOOKUP($A$6&$C$5&$B8&$BE$4,TKB_LOP_CHECK!$B$65:$J$860,9,0),"") | BF8: =IFERROR(VLOOKUP($A$6&$D$5&$B8&$BE$4,TKB_LOP_CHECK!$B$65:$J$860,9,0),"") | BG8: =IFERROR(VLOOKUP($A$6&$C$5&$B8&$BG$4,TKB_LOP_CHECK!$B$65:$J$860,9,0),"") | BH8: =IFERROR(VLOOKUP($A$6&$D$5&$B8&$BG$4,TKB_LOP_CHECK!$B$65:$J$860,9,0),"") | BI8: =IFERROR(VLOOKUP($A$6&$C$5&$B8&$BI$4,TKB_LOP_CHECK!$B$65:$J$860,9,0),"") | BJ8: =IFERROR(VLOOKUP($A$6&$D$5&$B8&$BI$4,TKB_LOP_CHECK!$B$65:$J$860,9,0),"") | BK8: =IFERROR(VLOOKUP($A$6&$C$5&$B8&$BK$4,TKB_LOP_CHECK!$B$65:$J$860,9,0),"") | BL8: =IFERROR(VLOOKUP($A$6&$D$5&$B8&$BK$4,TKB_LOP_CHECK!$B$65:$J$860,9,0),"") | BM8: =IFERROR(VLOOKUP($A$6&$C$5&$B8&$BM$4,TKB_LOP_CHECK!$B$65:$J$860,9,0),"") | BN8: =IFERROR(VLOOKUP($A$6&$D$5&$B8&$BM$4,TKB_LOP_CHECK!$B$65:$J$860,9,0),"") | BO8: =IFERROR(VLOOKUP($A$6&$C$5&$B8&$BO$4,TKB_LOP_CHECK!$A$65:$J$860,10,0),"") | BP8: =IFERROR(VLOOKUP($A$6&$D$5&$B8&$BO$4,TKB_LOP_CHECK!$A$65:$J$860,10,0),"") | BQ8: =IFERROR(VLOOKUP($A$6&$C$5&$B8&$BQ$4,TKB_LOP_CHECK!$A$65:$J$860,10,0),"") -> GVNN -6A1 | BR8: =IFERROR(VLOOKUP($A$6&$D$5&$B8&$BQ$4,TKB_LOP_CHECK!$A$65:$J$860,10,0),"") -> GVNN -8A1 | BS8: =IFERROR(VLOOKUP($A$6&$C$5&$B8&$BS$4,TKB_LOP_CHECK!$A$65:$J$860,10,0),"") | BT8: =IFERROR(VLOOKUP($A$6&$D$5&$B8&$BS$4,TKB_LOP_CHECK!$A$65:$J$860,10,0),"") | BU8: =IFERROR(VLOOKUP($A$6&$C$5&$B8&$BU$4,TKB_LOP_CHECK!$A$65:$J$860,10,0),"") | BV8: =IFERROR(VLOOKUP($A$6&$D$5&$B8&$BU$4,TKB_LOP_CHECK!$A$65:$J$860,10,0),"")
B9: 4 | C9: =IFERROR(VLOOKUP($A$6&$C$5&$B9&$C$4,TKB_LOP_CHECK!$B$65:$J$860,9,0),"") -> GVVN -7A1 | D9: =IFERROR(VLOOKUP($A$6&$D$5&$B9&$C$4,TKB_LOP_CHECK!$B$65:$J$860,9,0),"") | E9: =IFERROR(VLOOKUP($A$6&$C$5&$B9&$E$4,TKB_LOP_CHECK!$B$65:$J$860,9,0),"") | F9: =IFERROR(VLOOKUP($A$6&$D$5&$B9&$E$4,TKB_LOP_CHECK!$B$65:$J$860,9,0),"") -> Tiếng Trung -6A1 | G9: =IFERROR(VLOOKUP($A$6&$C$5&$B9&$G$4,TKB_LOP_CHECK!$B$65:$J$860,9,0),"") -> GVNN -4C1 | H9: =IFERROR(VLOOKUP($A$6&$D$5&$B9&$G$4,TKB_LOP_CHECK!$B$65:$J$860,9,0),"") | I9: =IFERROR(VLOOKUP($A$6&$C$5&$B9&$I$4,TKB_LOP_CHECK!$B$65:$J$860,9,0),"") -> Toán -3C1 | J9: =IFERROR(VLOOKUP($A$6&$D$5&$B9&$I$4,TKB_LOP_CHECK!$B$65:$J$860,9,0),"") | K9: =IFERROR(VLOOKUP($A$6&$C$5&$B9&$K$4,TKB_LOP_CHECK!$B$65:$J$860,9,0),"") -> Toán -3C1 | L9: =IFERROR(VLOOKUP($A$6&$D$5&$B9&$K$4,TKB_LOP_CHECK!$B$65:$J$860,9,0),"") | M9: =IFERROR(VLOOKUP($A$6&$C$5&$B9&$M$4,TKB_LOP_CHECK!$B$65:$J$860,9,0),"") -> GVVN -2A1 | N9: =IFERROR(VLOOKUP($A$6&$D$5&$B9&$M$4,TKB_LOP_CHECK!$B$65:$J$860,9,0),"") | O9: =IFERROR(VLOOKUP($A$6&$C$5&$B9&$O$4,TKB_LOP_CHECK!$B$65:$J$860,9,0),"") | P9: =IFERROR(VLOOKUP($A$6&$D$5&$B9&$O$4,TKB_LOP_CHECK!$B$65:$J$860,9,0),"") | Q9: =IFERROR(VLOOKUP($A$6&$C$5&$B9&$Q$4,TKB_LOP_CHECK!$B$65:$J$860,9,0),"") -> GDTC -TTH2 | R9: =IFERROR(VLOOKUP($A$6&$D$5&$B9&$Q$4,TKB_LOP_CHECK!$B$65:$J$860,9,0),"") -> GDTC -TTH1 | S9: =IFERROR(VLOOKUP($A$6&$C$5&$B9&$S$4,TKB_LOP_CHECK!$B$65:$J$860,9,0),"") -> GVNN -4C1 | T9: =IFERROR(VLOOKUP($A$6&$D$5&$B9&$S$4,TKB_LOP_CHECK!$B$65:$J$860,9,0),"") | U9: =IFERROR(VLOOKUP($A$6&$C$5&$B9&$U$4,TKB_LOP_CHECK!$B$65:$J$860,9,0),"") -> Văn -8A1 | V9: =IFERROR(VLOOKUP($A$6&$D$5&$B9&$U$4,TKB_LOP_CHECK!$B$65:$J$860,9,0),"") | W9: =IFERROR(VLOOKUP($A$6&$C$5&$B9&$W$4,TKB_LOP_CHECK!$B$65:$J$860,9,0),"") | X9: =IFERROR(VLOOKUP($A$6&$D$5&$B9&$W$4,TKB_LOP_CHECK!$B$65:$J$860,9,0),"") | Y9: =IFERROR(VLOOKUP($A$6&$C$5&$B9&$Y$4,TKB_LOP_CHECK!$B$65:$J$860,9,0),"") -> TViệt -5C1 | Z9: =IFERROR(VLOOKUP($A$6&$D$5&$B9&$Y$4,TKB_LOP_CHECK!$B$65:$J$860,9,0),"") -> TViệt -5C1 | AA9: =IFERROR(VLOOKUP($A$6&$C$5&$B9&$AA$4,TKB_LOP_CHECK!$B$65:$J$860,9,0),"") -> GVVN -2A1 | AB9: =IFERROR(VLOOKUP($A$6&$D$5&$B9&$AA$4,TKB_LOP_CHECK!$B$65:$J$860,9,0),"") | AC9: =IFERROR(VLOOKUP($A$6&$C$5&$B9&$AC$4,TKB_LOP_CHECK!$B$65:$J$860,9,0),"") | AD9: =IFERROR(VLOOKUP($A$6&$D$5&$B9&$AC$4,TKB_LOP_CHECK!$B$65:$J$860,9,0),"") | AE9: =IFERROR(VLOOKUP($A$6&$C$5&$B9&$AE$4,TKB_LOP_CHECK!$B$65:$J$860,9,0),"") | AF9: =IFERROR(VLOOKUP($A$6&$D$5&$B9&$AE$4,TKB_LOP_CHECK!$B$65:$J$860,9,0),"") -> GVNN -3C1 | AG9: =IFERROR(VLOOKUP($A$6&$C$5&$B9&$AG$4,TKB_LOP_CHECK!$B$65:$J$860,9,0),"") -> GVVN -2A1 | AH9: =IFERROR(VLOOKUP($A$6&$D$5&$B9&$AG$4,TKB_LOP_CHECK!$B$65:$J$860,9,0),"") | AI9: =IFERROR(VLOOKUP($A$6&$C$5&$B9&$AI$4,TKB_LOP_CHECK!$B$65:$J$860,9,0),"") | AJ9: =IFERROR(VLOOKUP($A$6&$D$5&$B9&$AI$4,TKB_LOP_CHECK!$B$65:$J$860,9,0),"") | AK9: =IFERROR(VLOOKUP($A$6&$C$5&$B9&$AK$4,TKB_LOP_CHECK!$B$65:$J$860,9,0),"") | AL9: =IFERROR(VLOOKUP($A$6&$D$5&$B9&$AK$4,TKB_LOP_CHECK!$B$65:$J$860,9,0),"") | AM9: =IFERROR(VLOOKUP($A$6&$C$5&$B9&$AM$4,TKB_LOP_CHECK!$B$65:$J$860,9,0),"") | AN9: =IFERROR(VLOOKUP($A$6&$D$5&$B9&$AM$4,TKB_LOP_CHECK!$B$65:$J$860,9,0),"") -> Đạo đức -4C1 | AO9: =IFERROR(VLOOKUP($A$6&$C$5&$B9&$AO$4,TKB_LOP_CHECK!$B$65:$J$860,9,0),"") -> TViệt -2C1 | AP9: =IFERROR(VLOOKUP($A$6&$D$5&$B9&$AO$4,TKB_LOP_CHECK!$B$65:$J$860,9,0),"") | AQ9: =IFERROR(VLOOKUP($A$6&$C$5&$B9&$AQ$4,TKB_LOP_CHECK!$B$65:$J$860,9,0),"") -> GVVN -7A1 | AR9: =IFERROR(VLOOKUP($A$6&$D$5&$B9&$AQ$4,TKB_LOP_CHECK!$B$65:$J$860,9,0),"") | AS9: =IFERROR(VLOOKUP($A$6&$C$5&$B9&$AS$4,TKB_LOP_CHECK!$B$65:$J$860,9,0),"") -> Toán -3C1 | AT9: =IFERROR(VLOOKUP($A$6&$D$5&$B9&$AS$4,TKB_LOP_CHECK!$B$65:$J$860,9,0),"") | AU9: =IFERROR(VLOOKUP($A$6&$C$5&$B9&$AU$4,TKB_LOP_CHECK!$B$65:$J$860,9,0),"") | AV9: =IFERROR(VLOOKUP($A$6&$D$5&$B9&$AU$4,TKB_LOP_CHECK!$B$65:$J$860,9,0),"") | AW9: =IFERROR(VLOOKUP($A$6&$C$5&$B9&$AW$4,TKB_LOP_CHECK!$B$65:$J$860,9,0),"") | AX9: =IFERROR(VLOOKUP($A$6&$D$5&$B9&$AW$4,TKB_LOP_CHECK!$B$65:$J$860,9,0),"") | AY9: =IFERROR(VLOOKUP($A$6&$C$5&$B9&$AY$4,TKB_LOP_CHECK!$B$65:$J$860,9,0),"") | AZ9: =IFERROR(VLOOKUP($A$6&$D$5&$B9&$AY$4,TKB_LOP_CHECK!$B$65:$J$860,9,0),"") | BA9: =IFERROR(VLOOKUP($A$6&$C$5&$B9&$BA$4,TKB_LOP_CHECK!$B$65:$J$860,9,0),"") | BB9: =IFERROR(VLOOKUP($A$6&$D$5&$B9&$BA$4,TKB_LOP_CHECK!$B$65:$J$860,9,0),"") | BC9: =IFERROR(VLOOKUP($A$6&$C$5&$B9&$BC$4,TKB_LOP_CHECK!$B$65:$J$860,9,0),"") | BD9: =IFERROR(VLOOKUP($A$6&$D$5&$B9&$BC$4,TKB_LOP_CHECK!$B$65:$J$860,9,0),"") | BE9: =IFERROR(VLOOKUP($A$6&$C$5&$B9&$BE$4,TKB_LOP_CHECK!$B$65:$J$860,9,0),"") | BF9: =IFERROR(VLOOKUP($A$6&$D$5&$B9&$BE$4,TKB_LOP_CHECK!$B$65:$J$860,9,0),"") | BG9: =IFERROR(VLOOKUP($A$6&$C$5&$B9&$BG$4,TKB_LOP_CHECK!$B$65:$J$860,9,0),"") | BH9: =IFERROR(VLOOKUP($A$6&$D$5&$B9&$BG$4,TKB_LOP_CHECK!$B$65:$J$860,9,0),"") | BI9: =IFERROR(VLOOKUP($A$6&$C$5&$B9&$BI$4,TKB_LOP_CHECK!$B$65:$J$860,9,0),"") | BJ9: =IFERROR(VLOOKUP($A$6&$D$5&$B9&$BI$4,TKB_LOP_CHECK!$B$65:$J$860,9,0),"") | BK9: =IFERROR(VLOOKUP($A$6&$C$5&$B9&$BK$4,TKB_LOP_CHECK!$B$65:$J$860,9,0),"") | BL9: =IFERROR(VLOOKUP($A$6&$D$5&$B9&$BK$4,TKB_LOP_CHECK!$B$65:$J$860,9,0),"") | BM9: =IFERROR(VLOOKUP($A$6&$C$5&$B9&$BM$4,TKB_LOP_CHECK!$B$65:$J$860,9,0),"") | BN9: =IFERROR(VLOOKUP($A$6&$D$5&$B9&$BM$4,TKB_LOP_CHECK!$B$65:$J$860,9,0),"") | BO9: =IFERROR(VLOOKUP($A$6&$C$5&$B9&$BO$4,TKB_LOP_CHECK!$A$65:$J$860,10,0),"") | BP9: =IFERROR(VLOOKUP($A$6&$D$5&$B9&$BO$4,TKB_LOP_CHECK!$A$65:$J$860,10,0),"") | BQ9: =IFERROR(VLOOKUP($A$6&$C$5&$B9&$BQ$4,TKB_LOP_CHECK!$A$65:$J$860,10,0),"") -> GVNN -4C1 | BR9: =IFERROR(VLOOKUP($A$6&$D$5&$B9&$BQ$4,TKB_LOP_CHECK!$A$65:$J$860,10,0),"") -> GVNN -3C1 | BS9: =IFERROR(VLOOKUP($A$6&$C$5&$B9&$BS$4,TKB_LOP_CHECK!$A$65:$J$860,10,0),"") | BT9: =IFERROR(VLOOKUP($A$6&$D$5&$B9&$BS$4,TKB_LOP_CHECK!$A$65:$J$860,10,0),"") | BU9: =IFERROR(VLOOKUP($A$6&$C$5&$B9&$BU$4,TKB_LOP_CHECK!$A$65:$J$860,10,0),"") | BV9: =IFERROR(VLOOKUP($A$6&$D$5&$B9&$BU$4,TKB_LOP_CHECK!$A$65:$J$860,10,0),"")
B10: 5 | C10: =IFERROR(VLOOKUP($A$6&$C$5&$B10&$C$4,TKB_LOP_CHECK!$B$65:$J$860,9,0),"") -> GVVN -7A1 | D10: =IFERROR(VLOOKUP($A$6&$D$5&$B10&$C$4,TKB_LOP_CHECK!$B$65:$J$860,9,0),"") | E10: =IFERROR(VLOOKUP($A$6&$C$5&$B10&$E$4,TKB_LOP_CHECK!$B$65:$J$860,9,0),"") | F10: =IFERROR(VLOOKUP($A$6&$D$5&$B10&$E$4,TKB_LOP_CHECK!$B$65:$J$860,9,0),"") | G10: =IFERROR(VLOOKUP($A$6&$C$5&$B10&$G$4,TKB_LOP_CHECK!$B$65:$J$860,9,0),"") | H10: =IFERROR(VLOOKUP($A$6&$D$5&$B10&$G$4,TKB_LOP_CHECK!$B$65:$J$860,9,0),"") | I10: =IFERROR(VLOOKUP($A$6&$C$5&$B10&$I$4,TKB_LOP_CHECK!$B$65:$J$860,9,0),"") | J10: =IFERROR(VLOOKUP($A$6&$D$5&$B10&$I$4,TKB_LOP_CHECK!$B$65:$J$860,9,0),"") | K10: =IFERROR(VLOOKUP($A$6&$C$5&$B10&$K$4,TKB_LOP_CHECK!$B$65:$J$860,9,0),"") | L10: =IFERROR(VLOOKUP($A$6&$D$5&$B10&$K$4,TKB_LOP_CHECK!$B$65:$J$860,9,0),"") | M10: =IFERROR(VLOOKUP($A$6&$C$5&$B10&$M$4,TKB_LOP_CHECK!$B$65:$J$860,9,0),"") | N10: =IFERROR(VLOOKUP($A$6&$D$5&$B10&$M$4,TKB_LOP_CHECK!$B$65:$J$860,9,0),"") | O10: =IFERROR(VLOOKUP($A$6&$C$5&$B10&$O$4,TKB_LOP_CHECK!$B$65:$J$860,9,0),"") | P10: =IFERROR(VLOOKUP($A$6&$D$5&$B10&$O$4,TKB_LOP_CHECK!$B$65:$J$860,9,0),"") | Q10: =IFERROR(VLOOKUP($A$6&$C$5&$B10&$Q$4,TKB_LOP_CHECK!$B$65:$J$860,9,0),"") | R10: =IFERROR(VLOOKUP($A$6&$D$5&$B10&$Q$4,TKB_LOP_CHECK!$B$65:$J$860,9,0),"") | S10: =IFERROR(VLOOKUP($A$6&$C$5&$B10&$S$4,TKB_LOP_CHECK!$B$65:$J$860,9,0),"") | T10: =IFERROR(VLOOKUP($A$6&$D$5&$B10&$S$4,TKB_LOP_CHECK!$B$65:$J$860,9,0),"") | U10: =IFERROR(VLOOKUP($A$6&$C$5&$B10&$U$4,TKB_LOP_CHECK!$B$65:$J$860,9,0),"") -> Văn -8A1 | V10: =IFERROR(VLOOKUP($A$6&$D$5&$B10&$U$4,TKB_LOP_CHECK!$B$65:$J$860,9,0),"") | W10: =IFERROR(VLOOKUP($A$6&$C$5&$B10&$W$4,TKB_LOP_CHECK!$B$65:$J$860,9,0),"") | X10: =IFERROR(VLOOKUP($A$6&$D$5&$B10&$W$4,TKB_LOP_CHECK!$B$65:$J$860,9,0),"") | Y10: =IFERROR(VLOOKUP($A$6&$C$5&$B10&$Y$4,TKB_LOP_CHECK!$B$65:$J$860,9,0),"") | Z10: =IFERROR(VLOOKUP($A$6&$D$5&$B10&$Y$4,TKB_LOP_CHECK!$B$65:$J$860,9,0),"") | AA10: =IFERROR(VLOOKUP($A$6&$C$5&$B10&$AA$4,TKB_LOP_CHECK!$B$65:$J$860,9,0),"") | AB10: =IFERROR(VLOOKUP($A$6&$D$5&$B10&$AA$4,TKB_LOP_CHECK!$B$65:$J$860,9,0),"") | AC10: =IFERROR(VLOOKUP($A$6&$C$5&$B10&$AC$4,TKB_LOP_CHECK!$B$65:$J$860,9,0),"") | AD10: =IFERROR(VLOOKUP($A$6&$D$5&$B10&$AC$4,TKB_LOP_CHECK!$B$65:$J$860,9,0),"") | AE10: =IFERROR(VLOOKUP($A$6&$C$5&$B10&$AE$4,TKB_LOP_CHECK!$B$65:$J$860,9,0),"") | AF10: =IFERROR(VLOOKUP($A$6&$D$5&$B10&$AE$4,TKB_LOP_CHECK!$B$65:$J$860,9,0),"") | AG10: =IFERROR(VLOOKUP($A$6&$C$5&$B10&$AG$4,TKB_LOP_CHECK!$B$65:$J$860,9,0),"") | AH10: =IFERROR(VLOOKUP($A$6&$D$5&$B10&$AG$4,TKB_LOP_CHECK!$B$65:$J$860,9,0),"") | AI10: =IFERROR(VLOOKUP($A$6&$C$5&$B10&$AI$4,TKB_LOP_CHECK!$B$65:$J$860,9,0),"") | AJ10: =IFERROR(VLOOKUP($A$6&$D$5&$B10&$AI$4,TKB_LOP_CHECK!$B$65:$J$860,9,0),"") | AK10: =IFERROR(VLOOKUP($A$6&$C$5&$B10&$AK$4,TKB_LOP_CHECK!$B$65:$J$860,9,0),"") | AL10: =IFERROR(VLOOKUP($A$6&$D$5&$B10&$AK$4,TKB_LOP_CHECK!$B$65:$J$860,9,0),"") | AM10: =IFERROR(VLOOKUP($A$6&$C$5&$B10&$AM$4,TKB_LOP_CHECK!$B$65:$J$860,9,0),"") | AN10: =IFERROR(VLOOKUP($A$6&$D$5&$B10&$AM$4,TKB_LOP_CHECK!$B$65:$J$860,9,0),"") | AO10: =IFERROR(VLOOKUP($A$6&$C$5&$B10&$AO$4,TKB_LOP_CHECK!$B$65:$J$860,9,0),"") | AP10: =IFERROR(VLOOKUP($A$6&$D$5&$B10&$AO$4,TKB_LOP_CHECK!$B$65:$J$860,9,0),"") | AQ10: =IFERROR(VLOOKUP($A$6&$C$5&$B10&$AQ$4,TKB_LOP_CHECK!$B$65:$J$860,9,0),"") -> GVVN -7A1 | AR10: =IFERROR(VLOOKUP($A$6&$D$5&$B10&$AQ$4,TKB_LOP_CHECK!$B$65:$J$860,9,0),"") | AS10: =IFERROR(VLOOKUP($A$6&$C$5&$B10&$AS$4,TKB_LOP_CHECK!$B$65:$J$860,9,0),"") | AT10: =IFERROR(VLOOKUP($A$6&$D$5&$B10&$AS$4,TKB_LOP_CHECK!$B$65:$J$860,9,0),"") | AU10: =IFERROR(VLOOKUP($A$6&$C$5&$B10&$AU$4,TKB_LOP_CHECK!$B$65:$J$860,9,0),"") | AV10: =IFERROR(VLOOKUP($A$6&$D$5&$B10&$AU$4,TKB_LOP_CHECK!$B$65:$J$860,9,0),"") | AW10: =IFERROR(VLOOKUP($A$6&$C$5&$B10&$AW$4,TKB_LOP_CHECK!$B$65:$J$860,9,0),"") | AX10: =IFERROR(VLOOKUP($A$6&$D$5&$B10&$AW$4,TKB_LOP_CHECK!$B$65:$J$860,9,0),"") | AY10: =IFERROR(VLOOKUP($A$6&$C$5&$B10&$AY$4,TKB_LOP_CHECK!$B$65:$J$860,9,0),"") | AZ10: =IFERROR(VLOOKUP($A$6&$D$5&$B10&$AY$4,TKB_LOP_CHECK!$B$65:$J$860,9,0),"") | BA10: =IFERROR(VLOOKUP($A$6&$C$5&$B10&$BA$4,TKB_LOP_CHECK!$B$65:$J$860,9,0),"") | BB10: =IFERROR(VLOOKUP($A$6&$D$5&$B10&$BA$4,TKB_LOP_CHECK!$B$65:$J$860,9,0),"") | BC10: =IFERROR(VLOOKUP($A$6&$C$5&$B10&$BC$4,TKB_LOP_CHECK!$B$65:$J$860,9,0),"") | BD10: =IFERROR(VLOOKUP($A$6&$D$5&$B10&$BC$4,TKB_LOP_CHECK!$B$65:$J$860,9,0),"") | BE10: =IFERROR(VLOOKUP($A$6&$C$5&$B10&$BE$4,TKB_LOP_CHECK!$B$65:$J$860,9,0),"") | BF10: =IFERROR(VLOOKUP($A$6&$D$5&$B10&$BE$4,TKB_LOP_CHECK!$B$65:$J$860,9,0),"") | BG10: =IFERROR(VLOOKUP($A$6&$C$5&$B10&$BG$4,TKB_LOP_CHECK!$B$65:$J$860,9,0),"") | BH10: =IFERROR(VLOOKUP($A$6&$D$5&$B10&$BG$4,TKB_LOP_CHECK!$B$65:$J$860,9,0),"") | BI10: =IFERROR(VLOOKUP($A$6&$C$5&$B10&$BI$4,TKB_LOP_CHECK!$B$65:$J$860,9,0),"") | BJ10: =IFERROR(VLOOKUP($A$6&$D$5&$B10&$BI$4,TKB_LOP_CHECK!$B$65:$J$860,9,0),"") | BK10: =IFERROR(VLOOKUP($A$6&$C$5&$B10&$BK$4,TKB_LOP_CHECK!$B$65:$J$860,9,0),"") | BL10: =IFERROR(VLOOKUP($A$6&$D$5&$B10&$BK$4,TKB_LOP_CHECK!$B$65:$J$860,9,0),"") | BM10: =IFERROR(VLOOKUP($A$6&$C$5&$B10&$BM$4,TKB_LOP_CHECK!$B$65:$J$860,9,0),"") | BN10: =IFERROR(VLOOKUP($A$6&$D$5&$B10&$BM$4,TKB_LOP_CHECK!$B$65:$J$860,9,0),"") | BO10: =IFERROR(VLOOKUP($A$6&$C$5&$B10&$BO$4,TKB_LOP_CHECK!$A$65:$J$860,10,0),"") | BP10: =IFERROR(VLOOKUP($A$6&$D$5&$B10&$BO$4,TKB_LOP_CHECK!$A$65:$J$860,10,0),"") | BQ10: =IFERROR(VLOOKUP($A$6&$C$5&$B10&$BQ$4,TKB_LOP_CHECK!$A$65:$J$860,10,0),"") | BR10: =IFERROR(VLOOKUP($A$6&$D$5&$B10&$BQ$4,TKB_LOP_CHECK!$A$65:$J$860,10,0),"") | BS10: =IFERROR(VLOOKUP($A$6&$C$5&$B10&$BS$4,TKB_LOP_CHECK!$A$65:$J$860,10,0),"") | BT10: =IFERROR(VLOOKUP($A$6&$D$5&$B10&$BS$4,TKB_LOP_CHECK!$A$65:$J$860,10,0),"") | BU10: =IFERROR(VLOOKUP($A$6&$C$5&$B10&$BU$4,TKB_LOP_CHECK!$A$65:$J$860,10,0),"") | BV10: =IFERROR(VLOOKUP($A$6&$D$5&$B10&$BU$4,TKB_LOP_CHECK!$A$65:$J$860,10,0),"")
A11: 3 | B11: 1 | C11: =IFERROR(VLOOKUP($A$11&$C$5&$B11&$C$4,TKB_LOP_CHECK!$B$65:$J$860,9,0),"") -> GVNN -7A1 | D11: =IFERROR(VLOOKUP($A$11&$D$5&$B11&$C$4,TKB_LOP_CHECK!$B$65:$J$860,9,0),"") -> GVNN -7A1 | E11: =IFERROR(VLOOKUP($A$11&$C$5&$B11&$E$4,TKB_LOP_CHECK!$B$65:$J$860,9,0),"") | F11: =IFERROR(VLOOKUP($A$11&$D$5&$B11&$E$4,TKB_LOP_CHECK!$B$65:$J$860,9,0),"") | G11: =IFERROR(VLOOKUP($A$11&$C$5&$B11&$G$4,TKB_LOP_CHECK!$B$65:$J$860,9,0),"") | H11: =IFERROR(VLOOKUP($A$11&$D$5&$B11&$G$4,TKB_LOP_CHECK!$B$65:$J$860,9,0),"") -> GVVN -4C1 | I11: =IFERROR(VLOOKUP($A$11&$C$5&$B11&$I$4,TKB_LOP_CHECK!$B$65:$J$860,9,0),"") -> Toán -2C1 | J11: =IFERROR(VLOOKUP($A$11&$D$5&$B11&$I$4,TKB_LOP_CHECK!$B$65:$J$860,9,0),"") -> Toán -3C1 | K11: =IFERROR(VLOOKUP($A$11&$C$5&$B11&$K$4,TKB_LOP_CHECK!$B$65:$J$860,9,0),"") -> Toán -2C1 | L11: =IFERROR(VLOOKUP($A$11&$D$5&$B11&$K$4,TKB_LOP_CHECK!$B$65:$J$860,9,0),"") -> Toán -3C1 | M11: =IFERROR(VLOOKUP($A$11&$C$5&$B11&$M$4,TKB_LOP_CHECK!$B$65:$J$860,9,0),"") | N11: =IFERROR(VLOOKUP($A$11&$D$5&$B11&$M$4,TKB_LOP_CHECK!$B$65:$J$860,9,0),"") | O11: =IFERROR(VLOOKUP($A$11&$C$5&$B11&$O$4,TKB_LOP_CHECK!$B$65:$J$860,9,0),"") -> Toán -TTH1 | P11: =IFERROR(VLOOKUP($A$11&$D$5&$B11&$O$4,TKB_LOP_CHECK!$B$65:$J$860,9,0),"") -> HĐ tự chọn -TTH1 | Q11: =IFERROR(VLOOKUP($A$11&$C$5&$B11&$Q$4,TKB_LOP_CHECK!$B$65:$J$860,9,0),"") -> GDTC -3C1 | R11: =IFERROR(VLOOKUP($A$11&$D$5&$B11&$Q$4,TKB_LOP_CHECK!$B$65:$J$860,9,0),"") | S11: =IFERROR(VLOOKUP($A$11&$C$5&$B11&$S$4,TKB_LOP_CHECK!$B$65:$J$860,9,0),"") | T11: =IFERROR(VLOOKUP($A$11&$D$5&$B11&$S$4,TKB_LOP_CHECK!$B$65:$J$860,9,0),"") -> GVVN -4C1 | U11: =IFERROR(VLOOKUP($A$11&$C$5&$B11&$U$4,TKB_LOP_CHECK!$B$65:$J$860,9,0),"") | V11: =IFERROR(VLOOKUP($A$11&$D$5&$B11&$U$4,TKB_LOP_CHECK!$B$65:$J$860,9,0),"") | W11: =IFERROR(VLOOKUP($A$11&$C$5&$B11&$W$4,TKB_LOP_CHECK!$B$65:$J$860,9,0),"") | X11: =IFERROR(VLOOKUP($A$11&$D$5&$B11&$W$4,TKB_LOP_CHECK!$B$65:$J$860,9,0),"") | Y11: =IFERROR(VLOOKUP($A$11&$C$5&$B11&$Y$4,TKB_LOP_CHECK!$B$65:$J$860,9,0),"") | Z11: =IFERROR(VLOOKUP($A$11&$D$5&$B11&$Y$4,TKB_LOP_CHECK!$B$65:$J$860,9,0),"") -> TViệt -5C1 | AA11: =IFERROR(VLOOKUP($A$11&$C$5&$B11&$AA$4,TKB_LOP_CHECK!$B$65:$J$860,9,0),"") | AB11: =IFERROR(VLOOKUP($A$11&$D$5&$B11&$AA$4,TKB_LOP_CHECK!$B$65:$J$860,9,0),"") | AC11: =IFERROR(VLOOKUP($A$11&$C$5&$B11&$AC$4,TKB_LOP_CHECK!$B$65:$J$860,9,0),"") | AD11: =IFERROR(VLOOKUP($A$11&$D$5&$B11&$AC$4,TKB_LOP_CHECK!$B$65:$J$860,9,0),"") | AE11: =IFERROR(VLOOKUP($A$11&$C$5&$B11&$AE$4,TKB_LOP_CHECK!$B$65:$J$860,9,0),"") -> GVNN -5C1 | AF11: =IFERROR(VLOOKUP($A$11&$D$5&$B11&$AE$4,TKB_LOP_CHECK!$B$65:$J$860,9,0),"") | AG11: =IFERROR(VLOOKUP($A$11&$C$5&$B11&$AG$4,TKB_LOP_CHECK!$B$65:$J$860,9,0),"") | AH11: =IFERROR(VLOOKUP($A$11&$D$5&$B11&$AG$4,TKB_LOP_CHECK!$B$65:$J$860,9,0),"") | AI11: =IFERROR(VLOOKUP($A$11&$C$5&$B11&$AI$4,TKB_LOP_CHECK!$B$65:$J$860,9,0),"") -> KHTN -6A1 | AJ11: =IFERROR(VLOOKUP($A$11&$D$5&$B11&$AI$4,TKB_LOP_CHECK!$B$65:$J$860,9,0),"") -> KHTN -8A1 | AK11: =IFERROR(VLOOKUP($A$11&$C$5&$B11&$AK$4,TKB_LOP_CHECK!$B$65:$J$860,9,0),"") | AL11: =IFERROR(VLOOKUP($A$11&$D$5&$B11&$AK$4,TKB_LOP_CHECK!$B$65:$J$860,9,0),"") | AM11: =IFERROR(VLOOKUP($A$11&$C$5&$B11&$AM$4,TKB_LOP_CHECK!$B$65:$J$860,9,0),"") | AN11: =IFERROR(VLOOKUP($A$11&$D$5&$B11&$AM$4,TKB_LOP_CHECK!$B$65:$J$860,9,0),"") | AO11: =IFERROR(VLOOKUP($A$11&$C$5&$B11&$AO$4,TKB_LOP_CHECK!$B$65:$J$860,9,0),"") | AP11: =IFERROR(VLOOKUP($A$11&$D$5&$B11&$AO$4,TKB_LOP_CHECK!$B$65:$J$860,9,0),"") -> TNXH -2C1 | AQ11: =IFERROR(VLOOKUP($A$11&$C$5&$B11&$AQ$4,TKB_LOP_CHECK!$B$65:$J$860,9,0),"") -> GVNN -7A1 | AR11: =IFERROR(VLOOKUP($A$11&$D$5&$B11&$AQ$4,TKB_LOP_CHECK!$B$65:$J$860,9,0),"") -> GVNN -7A1 | AS11: =IFERROR(VLOOKUP($A$11&$C$5&$B11&$AS$4,TKB_LOP_CHECK!$B$65:$J$860,9,0),"") -> Toán -2C1 | AT11: =IFERROR(VLOOKUP($A$11&$D$5&$B11&$AS$4,TKB_LOP_CHECK!$B$65:$J$860,9,0),"") -> Toán -3C1 | AU11: =IFERROR(VLOOKUP($A$11&$C$5&$B11&$AU$4,TKB_LOP_CHECK!$B$65:$J$860,9,0),"") | AV11: =IFERROR(VLOOKUP($A$11&$D$5&$B11&$AU$4,TKB_LOP_CHECK!$B$65:$J$860,9,0),"") | AW11: =IFERROR(VLOOKUP($A$11&$C$5&$B11&$AW$4,TKB_LOP_CHECK!$B$65:$J$860,9,0),"") | AX11: =IFERROR(VLOOKUP($A$11&$D$5&$B11&$AW$4,TKB_LOP_CHECK!$B$65:$J$860,9,0),"") | AY11: =IFERROR(VLOOKUP($A$11&$C$5&$B11&$AY$4,TKB_LOP_CHECK!$B$65:$J$860,9,0),"") | AZ11: =IFERROR(VLOOKUP($A$11&$D$5&$B11&$AY$4,TKB_LOP_CHECK!$B$65:$J$860,9,0),"") | BA11: =IFERROR(VLOOKUP($A$11&$C$5&$B11&$BA$4,TKB_LOP_CHECK!$B$65:$J$860,9,0),"") | BB11: =IFERROR(VLOOKUP($A$11&$D$5&$B11&$BA$4,TKB_LOP_CHECK!$B$65:$J$860,9,0),"") | BC11: =IFERROR(VLOOKUP($A$11&$C$5&$B11&$BC$4,TKB_LOP_CHECK!$B$65:$J$860,9,0),"") | BD11: =IFERROR(VLOOKUP($A$11&$D$5&$B11&$BC$4,TKB_LOP_CHECK!$B$65:$J$860,9,0),"") | BE11: =IFERROR(VLOOKUP($A$11&$C$5&$B11&$BE$4,TKB_LOP_CHECK!$B$65:$J$860,9,0),"") | BF11: =IFERROR(VLOOKUP($A$11&$D$5&$B11&$BE$4,TKB_LOP_CHECK!$B$65:$J$860,9,0),"") | BG11: =IFERROR(VLOOKUP($A$11&$C$5&$B11&$BG$4,TKB_LOP_CHECK!$B$65:$J$860,9,0),"") | BH11: =IFERROR(VLOOKUP($A$11&$D$5&$B11&$BG$4,TKB_LOP_CHECK!$B$65:$J$860,9,0),"") | BI11: =IFERROR(VLOOKUP($A$11&$C$5&$B11&$BI$4,TKB_LOP_CHECK!$B$65:$J$860,9,0),"") | BJ11: =IFERROR(VLOOKUP($A$11&$D$5&$B11&$BI$4,TKB_LOP_CHECK!$B$65:$J$860,9,0),"") | BK11: =IFERROR(VLOOKUP($A$11&$C$5&$B11&$BK$4,TKB_LOP_CHECK!$B$65:$J$860,9,0),"") | BL11: =IFERROR(VLOOKUP($A$11&$D$5&$B11&$BK$4,TKB_LOP_CHECK!$B$65:$J$860,9,0),"") | BM11: =IFERROR(VLOOKUP($A$11&$C$5&$B11&$BM$4,TKB_LOP_CHECK!$B$65:$J$860,9,0),"") | BN11: =IFERROR(VLOOKUP($A$11&$D$5&$B11&$BM$4,TKB_LOP_CHECK!$B$65:$J$860,9,0),"") | BO11: =IFERROR(VLOOKUP($A$11&$C$5&$B11&$BO$4,TKB_LOP_CHECK!$A$65:$J$860,10,0),"") | BP11: =IFERROR(VLOOKUP($A$11&$D$5&$B11&$BO$4,TKB_LOP_CHECK!$A$65:$J$860,10,0),"") | BQ11: =IFERROR(VLOOKUP($A$11&$C$5&$B11&$BQ$4,TKB_LOP_CHECK!$A$65:$J$860,10,0),"") -> GVNN -5C1 | BR11: =IFERROR(VLOOKUP($A$11&$D$5&$B11&$BQ$4,TKB_LOP_CHECK!$A$65:$J$860,10,0),"") -> GVNN -7A1 | BS11: =IFERROR(VLOOKUP($A$11&$C$5&$B11&$BS$4,TKB_LOP_CHECK!$A$65:$J$860,10,0),"") | BT11: =IFERROR(VLOOKUP($A$11&$D$5&$B11&$BS$4,TKB_LOP_CHECK!$A$65:$J$860,10,0),"") | BU11: =IFERROR(VLOOKUP($A$11&$C$5&$B11&$BU$4,TKB_LOP_CHECK!$A$65:$J$860,10,0),"") | BV11: =IFERROR(VLOOKUP($A$11&$D$5&$B11&$BU$4,TKB_LOP_CHECK!$A$65:$J$860,10,0),"")
B12: 2 | C12: =IFERROR(VLOOKUP($A$11&$C$5&$B12&$C$4,TKB_LOP_CHECK!$B$65:$J$860,9,0),"") | D12: =IFERROR(VLOOKUP($A$11&$D$5&$B12&$C$4,TKB_LOP_CHECK!$B$65:$J$860,9,0),"") | E12: =IFERROR(VLOOKUP($A$11&$C$5&$B12&$E$4,TKB_LOP_CHECK!$B$65:$J$860,9,0),"") | F12: =IFERROR(VLOOKUP($A$11&$D$5&$B12&$E$4,TKB_LOP_CHECK!$B$65:$J$860,9,0),"") | G12: =IFERROR(VLOOKUP($A$11&$C$5&$B12&$G$4,TKB_LOP_CHECK!$B$65:$J$860,9,0),"") -> GVNN -4C1 | H12: =IFERROR(VLOOKUP($A$11&$D$5&$B12&$G$4,TKB_LOP_CHECK!$B$65:$J$860,9,0),"") | I12: =IFERROR(VLOOKUP($A$11&$C$5&$B12&$I$4,TKB_LOP_CHECK!$B$65:$J$860,9,0),"") | J12: =IFERROR(VLOOKUP($A$11&$D$5&$B12&$I$4,TKB_LOP_CHECK!$B$65:$J$860,9,0),"") | K12: =IFERROR(VLOOKUP($A$11&$C$5&$B12&$K$4,TKB_LOP_CHECK!$B$65:$J$860,9,0),"") | L12: =IFERROR(VLOOKUP($A$11&$D$5&$B12&$K$4,TKB_LOP_CHECK!$B$65:$J$860,9,0),"") | M12: =IFERROR(VLOOKUP($A$11&$C$5&$B12&$M$4,TKB_LOP_CHECK!$B$65:$J$860,9,0),"") | N12: =IFERROR(VLOOKUP($A$11&$D$5&$B12&$M$4,TKB_LOP_CHECK!$B$65:$J$860,9,0),"") -> GVVN -2A1 | O12: =IFERROR(VLOOKUP($A$11&$C$5&$B12&$O$4,TKB_LOP_CHECK!$B$65:$J$860,9,0),"") -> Toán -TTH1 | P12: =IFERROR(VLOOKUP($A$11&$D$5&$B12&$O$4,TKB_LOP_CHECK!$B$65:$J$860,9,0),"") -> Tìm hiểu thiên nhiên -TTH1 | Q12: =IFERROR(VLOOKUP($A$11&$C$5&$B12&$Q$4,TKB_LOP_CHECK!$B$65:$J$860,9,0),"") -> GDTC -3C1 | R12: =IFERROR(VLOOKUP($A$11&$D$5&$B12&$Q$4,TKB_LOP_CHECK!$B$65:$J$860,9,0),"") | S12: =IFERROR(VLOOKUP($A$11&$C$5&$B12&$S$4,TKB_LOP_CHECK!$B$65:$J$860,9,0),"") -> GVNN -4C1 | T12: =IFERROR(VLOOKUP($A$11&$D$5&$B12&$S$4,TKB_LOP_CHECK!$B$65:$J$860,9,0),"") | U12: =IFERROR(VLOOKUP($A$11&$C$5&$B12&$U$4,TKB_LOP_CHECK!$B$65:$J$860,9,0),"") | V12: =IFERROR(VLOOKUP($A$11&$D$5&$B12&$U$4,TKB_LOP_CHECK!$B$65:$J$860,9,0),"") | W12: =IFERROR(VLOOKUP($A$11&$C$5&$B12&$W$4,TKB_LOP_CHECK!$B$65:$J$860,9,0),"") | X12: =IFERROR(VLOOKUP($A$11&$D$5&$B12&$W$4,TKB_LOP_CHECK!$B$65:$J$860,9,0),"") | Y12: =IFERROR(VLOOKUP($A$11&$C$5&$B12&$Y$4,TKB_LOP_CHECK!$B$65:$J$860,9,0),"") | Z12: =IFERROR(VLOOKUP($A$11&$D$5&$B12&$Y$4,TKB_LOP_CHECK!$B$65:$J$860,9,0),"") -> Toán -3A1 | AA12: =IFERROR(VLOOKUP($A$11&$C$5&$B12&$AA$4,TKB_LOP_CHECK!$B$65:$J$860,9,0),"") | AB12: =IFERROR(VLOOKUP($A$11&$D$5&$B12&$AA$4,TKB_LOP_CHECK!$B$65:$J$860,9,0),"") -> GVVN -2A1 | AC12: =IFERROR(VLOOKUP($A$11&$C$5&$B12&$AC$4,TKB_LOP_CHECK!$B$65:$J$860,9,0),"") | AD12: =IFERROR(VLOOKUP($A$11&$D$5&$B12&$AC$4,TKB_LOP_CHECK!$B$65:$J$860,9,0),"") | AE12: =IFERROR(VLOOKUP($A$11&$C$5&$B12&$AE$4,TKB_LOP_CHECK!$B$65:$J$860,9,0),"") | AF12: =IFERROR(VLOOKUP($A$11&$D$5&$B12&$AE$4,TKB_LOP_CHECK!$B$65:$J$860,9,0),"") -> GVVN -5C1 | AG12: =IFERROR(VLOOKUP($A$11&$C$5&$B12&$AG$4,TKB_LOP_CHECK!$B$65:$J$860,9,0),"") | AH12: =IFERROR(VLOOKUP($A$11&$D$5&$B12&$AG$4,TKB_LOP_CHECK!$B$65:$J$860,9,0),"") -> GVVN -2A1 | AI12: =IFERROR(VLOOKUP($A$11&$C$5&$B12&$AI$4,TKB_LOP_CHECK!$B$65:$J$860,9,0),"") -> KHTN -6A1 | AJ12: =IFERROR(VLOOKUP($A$11&$D$5&$B12&$AI$4,TKB_LOP_CHECK!$B$65:$J$860,9,0),"") -> KHTN -8A1 | AK12: =IFERROR(VLOOKUP($A$11&$C$5&$B12&$AK$4,TKB_LOP_CHECK!$B$65:$J$860,9,0),"") | AL12: =IFERROR(VLOOKUP($A$11&$D$5&$B12&$AK$4,TKB_LOP_CHECK!$B$65:$J$860,9,0),"") | AM12: =IFERROR(VLOOKUP($A$11&$C$5&$B12&$AM$4,TKB_LOP_CHECK!$B$65:$J$860,9,0),"") -> LS&ĐL -5C1 | AN12: =IFERROR(VLOOKUP($A$11&$D$5&$B12&$AM$4,TKB_LOP_CHECK!$B$65:$J$860,9,0),"") -> TViệt -3C1 | AO12: =IFERROR(VLOOKUP($A$11&$C$5&$B12&$AO$4,TKB_LOP_CHECK!$B$65:$J$860,9,0),"") -> TViệt -2C1 | AP12: =IFERROR(VLOOKUP($A$11&$D$5&$B12&$AO$4,TKB_LOP_CHECK!$B$65:$J$860,9,0),"") | AQ12: =IFERROR(VLOOKUP($A$11&$C$5&$B12&$AQ$4,TKB_LOP_CHECK!$B$65:$J$860,9,0),"") | AR12: =IFERROR(VLOOKUP($A$11&$D$5&$B12&$AQ$4,TKB_LOP_CHECK!$B$65:$J$860,9,0),"") | AS12: =IFERROR(VLOOKUP($A$11&$C$5&$B12&$AS$4,TKB_LOP_CHECK!$B$65:$J$860,9,0),"") | AT12: =IFERROR(VLOOKUP($A$11&$D$5&$B12&$AS$4,TKB_LOP_CHECK!$B$65:$J$860,9,0),"") | AU12: =IFERROR(VLOOKUP($A$11&$C$5&$B12&$AU$4,TKB_LOP_CHECK!$B$65:$J$860,9,0),"") | AV12: =IFERROR(VLOOKUP($A$11&$D$5&$B12&$AU$4,TKB_LOP_CHECK!$B$65:$J$860,9,0),"") | AW12: =IFERROR(VLOOKUP($A$11&$C$5&$B12&$AW$4,TKB_LOP_CHECK!$B$65:$J$860,9,0),"") | AX12: =IFERROR(VLOOKUP($A$11&$D$5&$B12&$AW$4,TKB_LOP_CHECK!$B$65:$J$860,9,0),"") | AY12: =IFERROR(VLOOKUP($A$11&$C$5&$B12&$AY$4,TKB_LOP_CHECK!$B$65:$J$860,9,0),"") | AZ12: =IFERROR(VLOOKUP($A$11&$D$5&$B12&$AY$4,TKB_LOP_CHECK!$B$65:$J$860,9,0),"") | BA12: =IFERROR(VLOOKUP($A$11&$C$5&$B12&$BA$4,TKB_LOP_CHECK!$B$65:$J$860,9,0),"") | BB12: =IFERROR(VLOOKUP($A$11&$D$5&$B12&$BA$4,TKB_LOP_CHECK!$B$65:$J$860,9,0),"") | BC12: =IFERROR(VLOOKUP($A$11&$C$5&$B12&$BC$4,TKB_LOP_CHECK!$B$65:$J$860,9,0),"") | BD12: =IFERROR(VLOOKUP($A$11&$D$5&$B12&$BC$4,TKB_LOP_CHECK!$B$65:$J$860,9,0),"") | BE12: =IFERROR(VLOOKUP($A$11&$C$5&$B12&$BE$4,TKB_LOP_CHECK!$B$65:$J$860,9,0),"") | BF12: =IFERROR(VLOOKUP($A$11&$D$5&$B12&$BE$4,TKB_LOP_CHECK!$B$65:$J$860,9,0),"") | BG12: =IFERROR(VLOOKUP($A$11&$C$5&$B12&$BG$4,TKB_LOP_CHECK!$B$65:$J$860,9,0),"") | BH12: =IFERROR(VLOOKUP($A$11&$D$5&$B12&$BG$4,TKB_LOP_CHECK!$B$65:$J$860,9,0),"") | BI12: =IFERROR(VLOOKUP($A$11&$C$5&$B12&$BI$4,TKB_LOP_CHECK!$B$65:$J$860,9,0),"") | BJ12: =IFERROR(VLOOKUP($A$11&$D$5&$B12&$BI$4,TKB_LOP_CHECK!$B$65:$J$860,9,0),"") | BK12: =IFERROR(VLOOKUP($A$11&$C$5&$B12&$BK$4,TKB_LOP_CHECK!$B$65:$J$860,9,0),"") | BL12: =IFERROR(VLOOKUP($A$11&$D$5&$B12&$BK$4,TKB_LOP_CHECK!$B$65:$J$860,9,0),"") | BM12: =IFERROR(VLOOKUP($A$11&$C$5&$B12&$BM$4,TKB_LOP_CHECK!$B$65:$J$860,9,0),"") | BN12: =IFERROR(VLOOKUP($A$11&$D$5&$B12&$BM$4,TKB_LOP_CHECK!$B$65:$J$860,9,0),"") | BO12: =IFERROR(VLOOKUP($A$11&$C$5&$B12&$BO$4,TKB_LOP_CHECK!$A$65:$J$860,10,0),"") | BP12: =IFERROR(VLOOKUP($A$11&$D$5&$B12&$BO$4,TKB_LOP_CHECK!$A$65:$J$860,10,0),"") | BQ12: =IFERROR(VLOOKUP($A$11&$C$5&$B12&$BQ$4,TKB_LOP_CHECK!$A$65:$J$860,10,0),"") -> GVNN -1C1 | BR12: =IFERROR(VLOOKUP($A$11&$D$5&$B12&$BQ$4,TKB_LOP_CHECK!$A$65:$J$860,10,0),"") | BS12: =IFERROR(VLOOKUP($A$11&$C$5&$B12&$BS$4,TKB_LOP_CHECK!$A$65:$J$860,10,0),"") | BT12: =IFERROR(VLOOKUP($A$11&$D$5&$B12&$BS$4,TKB_LOP_CHECK!$A$65:$J$860,10,0),"") | BU12: =IFERROR(VLOOKUP($A$11&$C$5&$B12&$BU$4,TKB_LOP_CHECK!$A$65:$J$860,10,0),"") | BV12: =IFERROR(VLOOKUP($A$11&$D$5&$B12&$BU$4,TKB_LOP_CHECK!$A$65:$J$860,10,0),"")
B13: 3 | C13: =IFERROR(VLOOKUP($A$11&$C$5&$B13&$C$4,TKB_LOP_CHECK!$B$65:$J$860,9,0),"") | D13: =IFERROR(VLOOKUP($A$11&$D$5&$B13&$C$4,TKB_LOP_CHECK!$B$65:$J$860,9,0),"") | E13: GDTC - TTH3 | F13: =IFERROR(VLOOKUP($A$11&$D$5&$B13&$E$4,TKB_LOP_CHECK!$B$65:$J$860,9,0),"") | G13: =IFERROR(VLOOKUP($A$11&$C$5&$B13&$G$4,TKB_LOP_CHECK!$B$65:$J$860,9,0),"") -> GVNN -8A1 | H13: =IFERROR(VLOOKUP($A$11&$D$5&$B13&$G$4,TKB_LOP_CHECK!$B$65:$J$860,9,0),"") -> Science -4C1 | I13: =IFERROR(VLOOKUP($A$11&$C$5&$B13&$I$4,TKB_LOP_CHECK!$B$65:$J$860,9,0),"") | J13: =IFERROR(VLOOKUP($A$11&$D$5&$B13&$I$4,TKB_LOP_CHECK!$B$65:$J$860,9,0),"") -> Toán -2C1 | K13: =IFERROR(VLOOKUP($A$11&$C$5&$B13&$K$4,TKB_LOP_CHECK!$B$65:$J$860,9,0),"") | L13: =IFERROR(VLOOKUP($A$11&$D$5&$B13&$K$4,TKB_LOP_CHECK!$B$65:$J$860,9,0),"") -> Toán -2C1 | M13: =IFERROR(VLOOKUP($A$11&$C$5&$B13&$M$4,TKB_LOP_CHECK!$B$65:$J$860,9,0),"") -> GVVN -2A1 | N13: =IFERROR(VLOOKUP($A$11&$D$5&$B13&$M$4,TKB_LOP_CHECK!$B$65:$J$860,9,0),"") -> GVVN -TTH2 | O13: =IFERROR(VLOOKUP($A$11&$C$5&$B13&$O$4,TKB_LOP_CHECK!$B$65:$J$860,9,0),"") -> Tìm hiểu thiên nhiên -TTH1 | P13: =IFERROR(VLOOKUP($A$11&$D$5&$B13&$O$4,TKB_LOP_CHECK!$B$65:$J$860,9,0),"") -> TViệt -TTH1 | Q13: =IFERROR(VLOOKUP($A$11&$C$5&$B13&$Q$4,TKB_LOP_CHECK!$B$65:$J$860,9,0),"") | R13: =IFERROR(VLOOKUP($A$11&$D$5&$B13&$Q$4,TKB_LOP_CHECK!$B$65:$J$860,9,0),"") -> GDTC -1C1 | S13: =IFERROR(VLOOKUP($A$11&$C$5&$B13&$S$4,TKB_LOP_CHECK!$B$65:$J$860,9,0),"") -> GVNN -8A1 | T13: =IFERROR(VLOOKUP($A$11&$D$5&$B13&$S$4,TKB_LOP_CHECK!$B$65:$J$860,9,0),"") -> Science -4C1 | U13: =IFERROR(VLOOKUP($A$11&$C$5&$B13&$U$4,TKB_LOP_CHECK!$B$65:$J$860,9,0),"") | V13: =IFERROR(VLOOKUP($A$11&$D$5&$B13&$U$4,TKB_LOP_CHECK!$B$65:$J$860,9,0),"") -> Văn -8A1 | W13: =IFERROR(VLOOKUP($A$11&$C$5&$B13&$W$4,TKB_LOP_CHECK!$B$65:$J$860,9,0),"") | X13: =IFERROR(VLOOKUP($A$11&$D$5&$B13&$W$4,TKB_LOP_CHECK!$B$65:$J$860,9,0),"") | Y13: =IFERROR(VLOOKUP($A$11&$C$5&$B13&$Y$4,TKB_LOP_CHECK!$B$65:$J$860,9,0),"") -> TViệt -3A1 | Z13: =IFERROR(VLOOKUP($A$11&$D$5&$B13&$Y$4,TKB_LOP_CHECK!$B$65:$J$860,9,0),"") -> Toán -3A1 | AA13: =IFERROR(VLOOKUP($A$11&$C$5&$B13&$AA$4,TKB_LOP_CHECK!$B$65:$J$860,9,0),"") -> GVVN -2A1 | AB13: =IFERROR(VLOOKUP($A$11&$D$5&$B13&$AA$4,TKB_LOP_CHECK!$B$65:$J$860,9,0),"") -> GVVN -TTH2 | AC13: =IFERROR(VLOOKUP($A$11&$C$5&$B13&$AC$4,TKB_LOP_CHECK!$B$65:$J$860,9,0),"") | AD13: =IFERROR(VLOOKUP($A$11&$D$5&$B13&$AC$4,TKB_LOP_CHECK!$B$65:$J$860,9,0),"") | AE13: =IFERROR(VLOOKUP($A$11&$C$5&$B13&$AE$4,TKB_LOP_CHECK!$B$65:$J$860,9,0),"") -> GVNN -3C1 | AF13: =IFERROR(VLOOKUP($A$11&$D$5&$B13&$AE$4,TKB_LOP_CHECK!$B$65:$J$860,9,0),"") -> Science -5C1 | AG13: =IFERROR(VLOOKUP($A$11&$C$5&$B13&$AG$4,TKB_LOP_CHECK!$B$65:$J$860,9,0),"") -> GVVN -2A1 | AH13: =IFERROR(VLOOKUP($A$11&$D$5&$B13&$AG$4,TKB_LOP_CHECK!$B$65:$J$860,9,0),"") -> GVVN -TTH2 | AI13: =IFERROR(VLOOKUP($A$11&$C$5&$B13&$AI$4,TKB_LOP_CHECK!$B$65:$J$860,9,0),"") -> KHTN -7A1 | AJ13: =IFERROR(VLOOKUP($A$11&$D$5&$B13&$AI$4,TKB_LOP_CHECK!$B$65:$J$860,9,0),"") | AK13: =IFERROR(VLOOKUP($A$11&$C$5&$B13&$AK$4,TKB_LOP_CHECK!$B$65:$J$860,9,0),"") | AL13: =IFERROR(VLOOKUP($A$11&$D$5&$B13&$AK$4,TKB_LOP_CHECK!$B$65:$J$860,9,0),"") | AM13: =IFERROR(VLOOKUP($A$11&$C$5&$B13&$AM$4,TKB_LOP_CHECK!$B$65:$J$860,9,0),"") -> LS&ĐL -4C1 | AN13: =IFERROR(VLOOKUP($A$11&$D$5&$B13&$AM$4,TKB_LOP_CHECK!$B$65:$J$860,9,0),"") -> TViệt -3C1 | AO13: =IFERROR(VLOOKUP($A$11&$C$5&$B13&$AO$4,TKB_LOP_CHECK!$B$65:$J$860,9,0),"") | AP13: =IFERROR(VLOOKUP($A$11&$D$5&$B13&$AO$4,TKB_LOP_CHECK!$B$65:$J$860,9,0),"") | AQ13: =IFERROR(VLOOKUP($A$11&$C$5&$B13&$AQ$4,TKB_LOP_CHECK!$B$65:$J$860,9,0),"") | AR13: =IFERROR(VLOOKUP($A$11&$D$5&$B13&$AQ$4,TKB_LOP_CHECK!$B$65:$J$860,9,0),"") | AS13: =IFERROR(VLOOKUP($A$11&$C$5&$B13&$AS$4,TKB_LOP_CHECK!$B$65:$J$860,9,0),"") | AT13: =IFERROR(VLOOKUP($A$11&$D$5&$B13&$AS$4,TKB_LOP_CHECK!$B$65:$J$860,9,0),"") -> Toán -2C1 | AU13: =IFERROR(VLOOKUP($A$11&$C$5&$B13&$AU$4,TKB_LOP_CHECK!$B$65:$J$860,9,0),"") | AV13: =IFERROR(VLOOKUP($A$11&$D$5&$B13&$AU$4,TKB_LOP_CHECK!$B$65:$J$860,9,0),"") | AW13: =IFERROR(VLOOKUP($A$11&$C$5&$B13&$AW$4,TKB_LOP_CHECK!$B$65:$J$860,9,0),"") | AX13: =IFERROR(VLOOKUP($A$11&$D$5&$B13&$AW$4,TKB_LOP_CHECK!$B$65:$J$860,9,0),"") | AY13: =IFERROR(VLOOKUP($A$11&$C$5&$B13&$AY$4,TKB_LOP_CHECK!$B$65:$J$860,9,0),"") | AZ13: =IFERROR(VLOOKUP($A$11&$D$5&$B13&$AY$4,TKB_LOP_CHECK!$B$65:$J$860,9,0),"") | BA13: =IFERROR(VLOOKUP($A$11&$C$5&$B13&$BA$4,TKB_LOP_CHECK!$B$65:$J$860,9,0),"") | BB13: =IFERROR(VLOOKUP($A$11&$D$5&$B13&$BA$4,TKB_LOP_CHECK!$B$65:$J$860,9,0),"") | BC13: =IFERROR(VLOOKUP($A$11&$C$5&$B13&$BC$4,TKB_LOP_CHECK!$B$65:$J$860,9,0),"") | BD13: =IFERROR(VLOOKUP($A$11&$D$5&$B13&$BC$4,TKB_LOP_CHECK!$B$65:$J$860,9,0),"") | BE13: =IFERROR(VLOOKUP($A$11&$C$5&$B13&$BE$4,TKB_LOP_CHECK!$B$65:$J$860,9,0),"") | BF13: =IFERROR(VLOOKUP($A$11&$D$5&$B13&$BE$4,TKB_LOP_CHECK!$B$65:$J$860,9,0),"") | BG13: =IFERROR(VLOOKUP($A$11&$C$5&$B13&$BG$4,TKB_LOP_CHECK!$B$65:$J$860,9,0),"") | BH13: =IFERROR(VLOOKUP($A$11&$D$5&$B13&$BG$4,TKB_LOP_CHECK!$B$65:$J$860,9,0),"") | BI13: =IFERROR(VLOOKUP($A$11&$C$5&$B13&$BI$4,TKB_LOP_CHECK!$B$65:$J$860,9,0),"") | BJ13: =IFERROR(VLOOKUP($A$11&$D$5&$B13&$BI$4,TKB_LOP_CHECK!$B$65:$J$860,9,0),"") | BK13: =IFERROR(VLOOKUP($A$11&$C$5&$B13&$BK$4,TKB_LOP_CHECK!$B$65:$J$860,9,0),"") | BL13: =IFERROR(VLOOKUP($A$11&$D$5&$B13&$BK$4,TKB_LOP_CHECK!$B$65:$J$860,9,0),"") | BM13: =IFERROR(VLOOKUP($A$11&$C$5&$B13&$BM$4,TKB_LOP_CHECK!$B$65:$J$860,9,0),"") | BN13: =IFERROR(VLOOKUP($A$11&$D$5&$B13&$BM$4,TKB_LOP_CHECK!$B$65:$J$860,9,0),"") | BO13: =IFERROR(VLOOKUP($A$11&$C$5&$B13&$BO$4,TKB_LOP_CHECK!$A$65:$J$860,10,0),"") | BP13: =IFERROR(VLOOKUP($A$11&$D$5&$B13&$BO$4,TKB_LOP_CHECK!$A$65:$J$860,10,0),"") | BQ13: =IFERROR(VLOOKUP($A$11&$C$5&$B13&$BQ$4,TKB_LOP_CHECK!$A$65:$J$860,10,0),"") -> GVNN -3C1 | BR13: =IFERROR(VLOOKUP($A$11&$D$5&$B13&$BQ$4,TKB_LOP_CHECK!$A$65:$J$860,10,0),"") | BS13: =IFERROR(VLOOKUP($A$11&$C$5&$B13&$BS$4,TKB_LOP_CHECK!$A$65:$J$860,10,0),"") | BT13: =IFERROR(VLOOKUP($A$11&$D$5&$B13&$BS$4,TKB_LOP_CHECK!$A$65:$J$860,10,0),"") | BU13: =IFERROR(VLOOKUP($A$11&$C$5&$B13&$BU$4,TKB_LOP_CHECK!$A$65:$J$860,10,0),"") | BV13: =IFERROR(VLOOKUP($A$11&$D$5&$B13&$BU$4,TKB_LOP_CHECK!$A$65:$J$860,10,0),"")
B14: 4 | C14: =IFERROR(VLOOKUP($A$11&$C$5&$B14&$C$4,TKB_LOP_CHECK!$B$65:$J$860,9,0),"") -> GVNN -6A1 | D14: =IFERROR(VLOOKUP($A$11&$D$5&$B14&$C$4,TKB_LOP_CHECK!$B$65:$J$860,9,0),"") | E14: GDTC - TTH3 | F14: =IFERROR(VLOOKUP($A$11&$D$5&$B14&$E$4,TKB_LOP_CHECK!$B$65:$J$860,9,0),"") | G14: =IFERROR(VLOOKUP($A$11&$C$5&$B14&$G$4,TKB_LOP_CHECK!$B$65:$J$860,9,0),"") -> GVVN -8A1 | H14: =IFERROR(VLOOKUP($A$11&$D$5&$B14&$G$4,TKB_LOP_CHECK!$B$65:$J$860,9,0),"") | I14: =IFERROR(VLOOKUP($A$11&$C$5&$B14&$I$4,TKB_LOP_CHECK!$B$65:$J$860,9,0),"") -> Toán -3C1 | J14: =IFERROR(VLOOKUP($A$11&$D$5&$B14&$I$4,TKB_LOP_CHECK!$B$65:$J$860,9,0),"") -> Toán -5C1 | K14: =IFERROR(VLOOKUP($A$11&$C$5&$B14&$K$4,TKB_LOP_CHECK!$B$65:$J$860,9,0),"") -> Toán -3C1 | L14: =IFERROR(VLOOKUP($A$11&$D$5&$B14&$K$4,TKB_LOP_CHECK!$B$65:$J$860,9,0),"") -> Toán -5C1 | M14: =IFERROR(VLOOKUP($A$11&$C$5&$B14&$M$4,TKB_LOP_CHECK!$B$65:$J$860,9,0),"") -> GVVN -1A1 | N14: =IFERROR(VLOOKUP($A$11&$D$5&$B14&$M$4,TKB_LOP_CHECK!$B$65:$J$860,9,0),"") -> GVVN -1A1 | O14: =IFERROR(VLOOKUP($A$11&$C$5&$B14&$O$4,TKB_LOP_CHECK!$B$65:$J$860,9,0),"") -> Lối sống -TTH1 | P14: =IFERROR(VLOOKUP($A$11&$D$5&$B14&$O$4,TKB_LOP_CHECK!$B$65:$J$860,9,0),"") | Q14: =IFERROR(VLOOKUP($A$11&$C$5&$B14&$Q$4,TKB_LOP_CHECK!$B$65:$J$860,9,0),"") | R14: =IFERROR(VLOOKUP($A$11&$D$5&$B14&$Q$4,TKB_LOP_CHECK!$B$65:$J$860,9,0),"") -> GDTC -1C1 | S14: =IFERROR(VLOOKUP($A$11&$C$5&$B14&$S$4,TKB_LOP_CHECK!$B$65:$J$860,9,0),"") -> GVVN -8A1 | T14: =IFERROR(VLOOKUP($A$11&$D$5&$B14&$S$4,TKB_LOP_CHECK!$B$65:$J$860,9,0),"") | U14: =IFERROR(VLOOKUP($A$11&$C$5&$B14&$U$4,TKB_LOP_CHECK!$B$65:$J$860,9,0),"") | V14: =IFERROR(VLOOKUP($A$11&$D$5&$B14&$U$4,TKB_LOP_CHECK!$B$65:$J$860,9,0),"") -> Văn -8A1 | W14: =IFERROR(VLOOKUP($A$11&$C$5&$B14&$W$4,TKB_LOP_CHECK!$B$65:$J$860,9,0),"") | X14: =IFERROR(VLOOKUP($A$11&$D$5&$B14&$W$4,TKB_LOP_CHECK!$B$65:$J$860,9,0),"") | Y14: =IFERROR(VLOOKUP($A$11&$C$5&$B14&$Y$4,TKB_LOP_CHECK!$B$65:$J$860,9,0),"") -> TViệt -3A1 | Z14: =IFERROR(VLOOKUP($A$11&$D$5&$B14&$Y$4,TKB_LOP_CHECK!$B$65:$J$860,9,0),"") | AA14: =IFERROR(VLOOKUP($A$11&$C$5&$B14&$AA$4,TKB_LOP_CHECK!$B$65:$J$860,9,0),"") -> GVVN -1A1 | AB14: =IFERROR(VLOOKUP($A$11&$D$5&$B14&$AA$4,TKB_LOP_CHECK!$B$65:$J$860,9,0),"") -> GVVN -1A1 | AC14: =IFERROR(VLOOKUP($A$11&$C$5&$B14&$AC$4,TKB_LOP_CHECK!$B$65:$J$860,9,0),"") | AD14: =IFERROR(VLOOKUP($A$11&$D$5&$B14&$AC$4,TKB_LOP_CHECK!$B$65:$J$860,9,0),"") | AE14: =IFERROR(VLOOKUP($A$11&$C$5&$B14&$AE$4,TKB_LOP_CHECK!$B$65:$J$860,9,0),"") | AF14: =IFERROR(VLOOKUP($A$11&$D$5&$B14&$AE$4,TKB_LOP_CHECK!$B$65:$J$860,9,0),"") -> GVVN -3C1 | AG14: =IFERROR(VLOOKUP($A$11&$C$5&$B14&$AG$4,TKB_LOP_CHECK!$B$65:$J$860,9,0),"") -> GVVN -1A1 | AH14: =IFERROR(VLOOKUP($A$11&$D$5&$B14&$AG$4,TKB_LOP_CHECK!$B$65:$J$860,9,0),"") -> GVVN -1A1 | AI14: =IFERROR(VLOOKUP($A$11&$C$5&$B14&$AI$4,TKB_LOP_CHECK!$B$65:$J$860,9,0),"") -> KHTN -7A1 | AJ14: =IFERROR(VLOOKUP($A$11&$D$5&$B14&$AI$4,TKB_LOP_CHECK!$B$65:$J$860,9,0),"") | AK14: =IFERROR(VLOOKUP($A$11&$C$5&$B14&$AK$4,TKB_LOP_CHECK!$B$65:$J$860,9,0),"") | AL14: =IFERROR(VLOOKUP($A$11&$D$5&$B14&$AK$4,TKB_LOP_CHECK!$B$65:$J$860,9,0),"") | AM14: =IFERROR(VLOOKUP($A$11&$C$5&$B14&$AM$4,TKB_LOP_CHECK!$B$65:$J$860,9,0),"") | AN14: =IFERROR(VLOOKUP($A$11&$D$5&$B14&$AM$4,TKB_LOP_CHECK!$B$65:$J$860,9,0),"") -> TViệt -4C1 | AO14: =IFERROR(VLOOKUP($A$11&$C$5&$B14&$AO$4,TKB_LOP_CHECK!$B$65:$J$860,9,0),"") | AP14: =IFERROR(VLOOKUP($A$11&$D$5&$B14&$AO$4,TKB_LOP_CHECK!$B$65:$J$860,9,0),"") -> TViệt -2C1 | AQ14: =IFERROR(VLOOKUP($A$11&$C$5&$B14&$AQ$4,TKB_LOP_CHECK!$B$65:$J$860,9,0),"") -> GVNN -6A1 | AR14: =IFERROR(VLOOKUP($A$11&$D$5&$B14&$AQ$4,TKB_LOP_CHECK!$B$65:$J$860,9,0),"") | AS14: =IFERROR(VLOOKUP($A$11&$C$5&$B14&$AS$4,TKB_LOP_CHECK!$B$65:$J$860,9,0),"") -> Toán -3C1 | AT14: =IFERROR(VLOOKUP($A$11&$D$5&$B14&$AS$4,TKB_LOP_CHECK!$B$65:$J$860,9,0),"") -> Toán -5C1 | AU14: =IFERROR(VLOOKUP($A$11&$C$5&$B14&$AU$4,TKB_LOP_CHECK!$B$65:$J$860,9,0),"") | AV14: =IFERROR(VLOOKUP($A$11&$D$5&$B14&$AU$4,TKB_LOP_CHECK!$B$65:$J$860,9,0),"") | AW14: =IFERROR(VLOOKUP($A$11&$C$5&$B14&$AW$4,TKB_LOP_CHECK!$B$65:$J$860,9,0),"") | AX14: =IFERROR(VLOOKUP($A$11&$D$5&$B14&$AW$4,TKB_LOP_CHECK!$B$65:$J$860,9,0),"") | AY14: =IFERROR(VLOOKUP($A$11&$C$5&$B14&$AY$4,TKB_LOP_CHECK!$B$65:$J$860,9,0),"") | AZ14: =IFERROR(VLOOKUP($A$11&$D$5&$B14&$AY$4,TKB_LOP_CHECK!$B$65:$J$860,9,0),"") | BA14: =IFERROR(VLOOKUP($A$11&$C$5&$B14&$BA$4,TKB_LOP_CHECK!$B$65:$J$860,9,0),"") | BB14: =IFERROR(VLOOKUP($A$11&$D$5&$B14&$BA$4,TKB_LOP_CHECK!$B$65:$J$860,9,0),"") | BC14: =IFERROR(VLOOKUP($A$11&$C$5&$B14&$BC$4,TKB_LOP_CHECK!$B$65:$J$860,9,0),"") | BD14: =IFERROR(VLOOKUP($A$11&$D$5&$B14&$BC$4,TKB_LOP_CHECK!$B$65:$J$860,9,0),"") | BE14: =IFERROR(VLOOKUP($A$11&$C$5&$B14&$BE$4,TKB_LOP_CHECK!$B$65:$J$860,9,0),"") | BF14: =IFERROR(VLOOKUP($A$11&$D$5&$B14&$BE$4,TKB_LOP_CHECK!$B$65:$J$860,9,0),"") | BG14: =IFERROR(VLOOKUP($A$11&$C$5&$B14&$BG$4,TKB_LOP_CHECK!$B$65:$J$860,9,0),"") | BH14: =IFERROR(VLOOKUP($A$11&$D$5&$B14&$BG$4,TKB_LOP_CHECK!$B$65:$J$860,9,0),"") | BI14: =IFERROR(VLOOKUP($A$11&$C$5&$B14&$BI$4,TKB_LOP_CHECK!$B$65:$J$860,9,0),"") | BJ14: =IFERROR(VLOOKUP($A$11&$D$5&$B14&$BI$4,TKB_LOP_CHECK!$B$65:$J$860,9,0),"") | BK14: =IFERROR(VLOOKUP($A$11&$C$5&$B14&$BK$4,TKB_LOP_CHECK!$B$65:$J$860,9,0),"") | BL14: =IFERROR(VLOOKUP($A$11&$D$5&$B14&$BK$4,TKB_LOP_CHECK!$B$65:$J$860,9,0),"") | BM14: =IFERROR(VLOOKUP($A$11&$C$5&$B14&$BM$4,TKB_LOP_CHECK!$B$65:$J$860,9,0),"") | BN14: =IFERROR(VLOOKUP($A$11&$D$5&$B14&$BM$4,TKB_LOP_CHECK!$B$65:$J$860,9,0),"") | BO14: =IFERROR(VLOOKUP($A$11&$C$5&$B14&$BO$4,TKB_LOP_CHECK!$A$65:$J$860,10,0),"") | BP14: =IFERROR(VLOOKUP($A$11&$D$5&$B14&$BO$4,TKB_LOP_CHECK!$A$65:$J$860,10,0),"") | BQ14: =IFERROR(VLOOKUP($A$11&$C$5&$B14&$BQ$4,TKB_LOP_CHECK!$A$65:$J$860,10,0),"") -> GVNN -2C1 | BR14: =IFERROR(VLOOKUP($A$11&$D$5&$B14&$BQ$4,TKB_LOP_CHECK!$A$65:$J$860,10,0),"") | BS14: =IFERROR(VLOOKUP($A$11&$C$5&$B14&$BS$4,TKB_LOP_CHECK!$A$65:$J$860,10,0),"") | BT14: =IFERROR(VLOOKUP($A$11&$D$5&$B14&$BS$4,TKB_LOP_CHECK!$A$65:$J$860,10,0),"") | BU14: =IFERROR(VLOOKUP($A$11&$C$5&$B14&$BU$4,TKB_LOP_CHECK!$A$65:$J$860,10,0),"") | BV14: =IFERROR(VLOOKUP($A$11&$D$5&$B14&$BU$4,TKB_LOP_CHECK!$A$65:$J$860,10,0),"")
B15: 5 | C15: =IFERROR(VLOOKUP($A$11&$C$5&$B15&$C$4,TKB_LOP_CHECK!$B$65:$J$860,9,0),"") -> GVNN -6A1 | D15: =IFERROR(VLOOKUP($A$11&$D$5&$B15&$C$4,TKB_LOP_CHECK!$B$65:$J$860,9,0),"") | E15: =IFERROR(VLOOKUP($A$11&$C$5&$B15&$E$4,TKB_LOP_CHECK!$B$65:$J$860,9,0),"") | F15: =IFERROR(VLOOKUP($A$11&$D$5&$B15&$E$4,TKB_LOP_CHECK!$B$65:$J$860,9,0),"") | G15: =IFERROR(VLOOKUP($A$11&$C$5&$B15&$G$4,TKB_LOP_CHECK!$B$65:$J$860,9,0),"") | H15: =IFERROR(VLOOKUP($A$11&$D$5&$B15&$G$4,TKB_LOP_CHECK!$B$65:$J$860,9,0),"") | I15: =IFERROR(VLOOKUP($A$11&$C$5&$B15&$I$4,TKB_LOP_CHECK!$B$65:$J$860,9,0),"") | J15: =IFERROR(VLOOKUP($A$11&$D$5&$B15&$I$4,TKB_LOP_CHECK!$B$65:$J$860,9,0),"") | K15: =IFERROR(VLOOKUP($A$11&$C$5&$B15&$K$4,TKB_LOP_CHECK!$B$65:$J$860,9,0),"") | L15: =IFERROR(VLOOKUP($A$11&$D$5&$B15&$K$4,TKB_LOP_CHECK!$B$65:$J$860,9,0),"") | M15: =IFERROR(VLOOKUP($A$11&$C$5&$B15&$M$4,TKB_LOP_CHECK!$B$65:$J$860,9,0),"") | N15: =IFERROR(VLOOKUP($A$11&$D$5&$B15&$M$4,TKB_LOP_CHECK!$B$65:$J$860,9,0),"") | O15: =IFERROR(VLOOKUP($A$11&$C$5&$B15&$O$4,TKB_LOP_CHECK!$B$65:$J$860,9,0),"") | P15: =IFERROR(VLOOKUP($A$11&$D$5&$B15&$O$4,TKB_LOP_CHECK!$B$65:$J$860,9,0),"") | Q15: =IFERROR(VLOOKUP($A$11&$C$5&$B15&$Q$4,TKB_LOP_CHECK!$B$65:$J$860,9,0),"") | R15: =IFERROR(VLOOKUP($A$11&$D$5&$B15&$Q$4,TKB_LOP_CHECK!$B$65:$J$860,9,0),"") | S15: =IFERROR(VLOOKUP($A$11&$C$5&$B15&$S$4,TKB_LOP_CHECK!$B$65:$J$860,9,0),"") | T15: =IFERROR(VLOOKUP($A$11&$D$5&$B15&$S$4,TKB_LOP_CHECK!$B$65:$J$860,9,0),"") | U15: =IFERROR(VLOOKUP($A$11&$C$5&$B15&$U$4,TKB_LOP_CHECK!$B$65:$J$860,9,0),"") -> Văn -7A1 | V15: =IFERROR(VLOOKUP($A$11&$D$5&$B15&$U$4,TKB_LOP_CHECK!$B$65:$J$860,9,0),"") | W15: =IFERROR(VLOOKUP($A$11&$C$5&$B15&$W$4,TKB_LOP_CHECK!$B$65:$J$860,9,0),"") | X15: =IFERROR(VLOOKUP($A$11&$D$5&$B15&$W$4,TKB_LOP_CHECK!$B$65:$J$860,9,0),"") | Y15: =IFERROR(VLOOKUP($A$11&$C$5&$B15&$Y$4,TKB_LOP_CHECK!$B$65:$J$860,9,0),"") | Z15: =IFERROR(VLOOKUP($A$11&$D$5&$B15&$Y$4,TKB_LOP_CHECK!$B$65:$J$860,9,0),"") | AA15: =IFERROR(VLOOKUP($A$11&$C$5&$B15&$AA$4,TKB_LOP_CHECK!$B$65:$J$860,9,0),"") | AB15: =IFERROR(VLOOKUP($A$11&$D$5&$B15&$AA$4,TKB_LOP_CHECK!$B$65:$J$860,9,0),"") | AC15: =IFERROR(VLOOKUP($A$11&$C$5&$B15&$AC$4,TKB_LOP_CHECK!$B$65:$J$860,9,0),"") | AD15: =IFERROR(VLOOKUP($A$11&$D$5&$B15&$AC$4,TKB_LOP_CHECK!$B$65:$J$860,9,0),"") | AE15: =IFERROR(VLOOKUP($A$11&$C$5&$B15&$AE$4,TKB_LOP_CHECK!$B$65:$J$860,9,0),"") | AF15: =IFERROR(VLOOKUP($A$11&$D$5&$B15&$AE$4,TKB_LOP_CHECK!$B$65:$J$860,9,0),"") | AG15: =IFERROR(VLOOKUP($A$11&$C$5&$B15&$AG$4,TKB_LOP_CHECK!$B$65:$J$860,9,0),"") | AH15: =IFERROR(VLOOKUP($A$11&$D$5&$B15&$AG$4,TKB_LOP_CHECK!$B$65:$J$860,9,0),"") | AI15: =IFERROR(VLOOKUP($A$11&$C$5&$B15&$AI$4,TKB_LOP_CHECK!$B$65:$J$860,9,0),"") | AJ15: =IFERROR(VLOOKUP($A$11&$D$5&$B15&$AI$4,TKB_LOP_CHECK!$B$65:$J$860,9,0),"") | AK15: =IFERROR(VLOOKUP($A$11&$C$5&$B15&$AK$4,TKB_LOP_CHECK!$B$65:$J$860,9,0),"") | AL15: =IFERROR(VLOOKUP($A$11&$D$5&$B15&$AK$4,TKB_LOP_CHECK!$B$65:$J$860,9,0),"") | AM15: =IFERROR(VLOOKUP($A$11&$C$5&$B15&$AM$4,TKB_LOP_CHECK!$B$65:$J$860,9,0),"") | AN15: =IFERROR(VLOOKUP($A$11&$D$5&$B15&$AM$4,TKB_LOP_CHECK!$B$65:$J$860,9,0),"") | AO15: =IFERROR(VLOOKUP($A$11&$C$5&$B15&$AO$4,TKB_LOP_CHECK!$B$65:$J$860,9,0),"") | AP15: =IFERROR(VLOOKUP($A$11&$D$5&$B15&$AO$4,TKB_LOP_CHECK!$B$65:$J$860,9,0),"") | AQ15: =IFERROR(VLOOKUP($A$11&$C$5&$B15&$AQ$4,TKB_LOP_CHECK!$B$65:$J$860,9,0),"") -> GVNN -6A1 | AR15: =IFERROR(VLOOKUP($A$11&$D$5&$B15&$AQ$4,TKB_LOP_CHECK!$B$65:$J$860,9,0),"") | AS15: =IFERROR(VLOOKUP($A$11&$C$5&$B15&$AS$4,TKB_LOP_CHECK!$B$65:$J$860,9,0),"") | AT15: =IFERROR(VLOOKUP($A$11&$D$5&$B15&$AS$4,TKB_LOP_CHECK!$B$65:$J$860,9,0),"") | AU15: =IFERROR(VLOOKUP($A$11&$C$5&$B15&$AU$4,TKB_LOP_CHECK!$B$65:$J$860,9,0),"") | AV15: =IFERROR(VLOOKUP($A$11&$D$5&$B15&$AU$4,TKB_LOP_CHECK!$B$65:$J$860,9,0),"") | AW15: =IFERROR(VLOOKUP($A$11&$C$5&$B15&$AW$4,TKB_LOP_CHECK!$B$65:$J$860,9,0),"") | AX15: =IFERROR(VLOOKUP($A$11&$D$5&$B15&$AW$4,TKB_LOP_CHECK!$B$65:$J$860,9,0),"") | AY15: =IFERROR(VLOOKUP($A$11&$C$5&$B15&$AY$4,TKB_LOP_CHECK!$B$65:$J$860,9,0),"") | AZ15: =IFERROR(VLOOKUP($A$11&$D$5&$B15&$AY$4,TKB_LOP_CHECK!$B$65:$J$860,9,0),"") | BA15: =IFERROR(VLOOKUP($A$11&$C$5&$B15&$BA$4,TKB_LOP_CHECK!$B$65:$J$860,9,0),"") | BB15: =IFERROR(VLOOKUP($A$11&$D$5&$B15&$BA$4,TKB_LOP_CHECK!$B$65:$J$860,9,0),"") | BC15: =IFERROR(VLOOKUP($A$11&$C$5&$B15&$BC$4,TKB_LOP_CHECK!$B$65:$J$860,9,0),"") | BD15: =IFERROR(VLOOKUP($A$11&$D$5&$B15&$BC$4,TKB_LOP_CHECK!$B$65:$J$860,9,0),"") | BE15: =IFERROR(VLOOKUP($A$11&$C$5&$B15&$BE$4,TKB_LOP_CHECK!$B$65:$J$860,9,0),"") | BF15: =IFERROR(VLOOKUP($A$11&$D$5&$B15&$BE$4,TKB_LOP_CHECK!$B$65:$J$860,9,0),"") | BG15: =IFERROR(VLOOKUP($A$11&$C$5&$B15&$BG$4,TKB_LOP_CHECK!$B$65:$J$860,9,0),"") | BH15: =IFERROR(VLOOKUP($A$11&$D$5&$B15&$BG$4,TKB_LOP_CHECK!$B$65:$J$860,9,0),"") | BI15: =IFERROR(VLOOKUP($A$11&$C$5&$B15&$BI$4,TKB_LOP_CHECK!$B$65:$J$860,9,0),"") | BJ15: =IFERROR(VLOOKUP($A$11&$D$5&$B15&$BI$4,TKB_LOP_CHECK!$B$65:$J$860,9,0),"") | BK15: =IFERROR(VLOOKUP($A$11&$C$5&$B15&$BK$4,TKB_LOP_CHECK!$B$65:$J$860,9,0),"") | BL15: =IFERROR(VLOOKUP($A$11&$D$5&$B15&$BK$4,TKB_LOP_CHECK!$B$65:$J$860,9,0),"") | BM15: =IFERROR(VLOOKUP($A$11&$C$5&$B15&$BM$4,TKB_LOP_CHECK!$B$65:$J$860,9,0),"") | BN15: =IFERROR(VLOOKUP($A$11&$D$5&$B15&$BM$4,TKB_LOP_CHECK!$B$65:$J$860,9,0),"") | BO15: =IFERROR(VLOOKUP($A$11&$C$5&$B15&$BO$4,TKB_LOP_CHECK!$A$65:$J$860,10,0),"") | BP15: =IFERROR(VLOOKUP($A$11&$D$5&$B15&$BO$4,TKB_LOP_CHECK!$A$65:$J$860,10,0),"") | BQ15: =IFERROR(VLOOKUP($A$11&$C$5&$B15&$BQ$4,TKB_LOP_CHECK!$A$65:$J$860,10,0),"") -> GVNN -6A1 | BR15: =IFERROR(VLOOKUP($A$11&$D$5&$B15&$BQ$4,TKB_LOP_CHECK!$A$65:$J$860,10,0),"") | BS15: =IFERROR(VLOOKUP($A$11&$C$5&$B15&$BS$4,TKB_LOP_CHECK!$A$65:$J$860,10,0),"") | BT15: =IFERROR(VLOOKUP($A$11&$D$5&$B15&$BS$4,TKB_LOP_CHECK!$A$65:$J$860,10,0),"") | BU15: =IFERROR(VLOOKUP($A$11&$C$5&$B15&$BU$4,TKB_LOP_CHECK!$A$65:$J$860,10,0),"") | BV15: =IFERROR(VLOOKUP($A$11&$D$5&$B15&$BU$4,TKB_LOP_CHECK!$A$65:$J$860,10,0),"")
A16: 4 | B16: 1 | C16: =IFERROR(VLOOKUP($A$16&$C$5&$B16&$C$4,TKB_LOP_CHECK!$B$65:$J$860,9,0),"") | D16: =IFERROR(VLOOKUP($A$16&$D$5&$B16&$C$4,TKB_LOP_CHECK!$B$65:$J$860,9,0),"") -> GVNN -6A1 | E16: =IFERROR(VLOOKUP($A$16&$C$5&$B16&$E$4,TKB_LOP_CHECK!$B$65:$J$860,9,0),"") -> Tiếng Trung -6A1 | F16: =IFERROR(VLOOKUP($A$16&$D$5&$B16&$E$4,TKB_LOP_CHECK!$B$65:$J$860,9,0),"") | G16: =IFERROR(VLOOKUP($A$16&$C$5&$B16&$G$4,TKB_LOP_CHECK!$B$65:$J$860,9,0),"") | H16: =IFERROR(VLOOKUP($A$16&$D$5&$B16&$G$4,TKB_LOP_CHECK!$B$65:$J$860,9,0),"") | I16: =IFERROR(VLOOKUP($A$16&$C$5&$B16&$I$4,TKB_LOP_CHECK!$B$65:$J$860,9,0),"") -> Toán -3C1 | J16: =IFERROR(VLOOKUP($A$16&$D$5&$B16&$I$4,TKB_LOP_CHECK!$B$65:$J$860,9,0),"") -> Toán -2C1 | K16: =IFERROR(VLOOKUP($A$16&$C$5&$B16&$K$4,TKB_LOP_CHECK!$B$65:$J$860,9,0),"") -> Toán -3C1 | L16: =IFERROR(VLOOKUP($A$16&$D$5&$B16&$K$4,TKB_LOP_CHECK!$B$65:$J$860,9,0),"") -> Toán -2C1 | M16: =IFERROR(VLOOKUP($A$16&$C$5&$B16&$M$4,TKB_LOP_CHECK!$B$65:$J$860,9,0),"") -> GVNN -2A1 | N16: =IFERROR(VLOOKUP($A$16&$D$5&$B16&$M$4,TKB_LOP_CHECK!$B$65:$J$860,9,0),"") -> GVNN -2A1 | O16: =IFERROR(VLOOKUP($A$16&$C$5&$B16&$O$4,TKB_LOP_CHECK!$B$65:$J$860,9,0),"") -> Lối sống -TTH1 | P16: =IFERROR(VLOOKUP($A$16&$D$5&$B16&$O$4,TKB_LOP_CHECK!$B$65:$J$860,9,0),"") -> HĐ tự chọn -TTH1 | Q16: =IFERROR(VLOOKUP($A$16&$C$5&$B16&$Q$4,TKB_LOP_CHECK!$B$65:$J$860,9,0),"") | R16: =IFERROR(VLOOKUP($A$16&$D$5&$B16&$Q$4,TKB_LOP_CHECK!$B$65:$J$860,9,0),"") | S16: =IFERROR(VLOOKUP($A$16&$C$5&$B16&$S$4,TKB_LOP_CHECK!$B$65:$J$860,9,0),"") | T16: =IFERROR(VLOOKUP($A$16&$D$5&$B16&$S$4,TKB_LOP_CHECK!$B$65:$J$860,9,0),"") | U16: =IFERROR(VLOOKUP($A$16&$C$5&$B16&$U$4,TKB_LOP_CHECK!$B$65:$J$860,9,0),"") -> Văn -7A1 | V16: =IFERROR(VLOOKUP($A$16&$D$5&$B16&$U$4,TKB_LOP_CHECK!$B$65:$J$860,9,0),"") -> Văn -8A1 | W16: =IFERROR(VLOOKUP($A$16&$C$5&$B16&$W$4,TKB_LOP_CHECK!$B$65:$J$860,9,0),"") | X16: =IFERROR(VLOOKUP($A$16&$D$5&$B16&$W$4,TKB_LOP_CHECK!$B$65:$J$860,9,0),"") | Y16: =IFERROR(VLOOKUP($A$16&$C$5&$B16&$Y$4,TKB_LOP_CHECK!$B$65:$J$860,9,0),"") -> Toán -3A1 | Z16: =IFERROR(VLOOKUP($A$16&$D$5&$B16&$Y$4,TKB_LOP_CHECK!$B$65:$J$860,9,0),"") | AA16: =IFERROR(VLOOKUP($A$16&$C$5&$B16&$AA$4,TKB_LOP_CHECK!$B$65:$J$860,9,0),"") -> GVNN -2A1 | AB16: =IFERROR(VLOOKUP($A$16&$D$5&$B16&$AA$4,TKB_LOP_CHECK!$B$65:$J$860,9,0),"") -> GVNN -2A1 | AC16: =IFERROR(VLOOKUP($A$16&$C$5&$B16&$AC$4,TKB_LOP_CHECK!$B$65:$J$860,9,0),"") | AD16: =IFERROR(VLOOKUP($A$16&$D$5&$B16&$AC$4,TKB_LOP_CHECK!$B$65:$J$860,9,0),"") | AE16: =IFERROR(VLOOKUP($A$16&$C$5&$B16&$AE$4,TKB_LOP_CHECK!$B$65:$J$860,9,0),"") -> GVVN -5C1 | AF16: =IFERROR(VLOOKUP($A$16&$D$5&$B16&$AE$4,TKB_LOP_CHECK!$B$65:$J$860,9,0),"") -> GVNN -5C1 | AG16: =IFERROR(VLOOKUP($A$16&$C$5&$B16&$AG$4,TKB_LOP_CHECK!$B$65:$J$860,9,0),"") -> GVNN -2A1 | AH16: =IFERROR(VLOOKUP($A$16&$D$5&$B16&$AG$4,TKB_LOP_CHECK!$B$65:$J$860,9,0),"") -> GVNN -2A1 | AI16: =IFERROR(VLOOKUP($A$16&$C$5&$B16&$AI$4,TKB_LOP_CHECK!$B$65:$J$860,9,0),"") | AJ16: =IFERROR(VLOOKUP($A$16&$D$5&$B16&$AI$4,TKB_LOP_CHECK!$B$65:$J$860,9,0),"") | AK16: Mĩ thuật -TTH3 | AL16: =IFERROR(VLOOKUP($A$16&$D$5&$B16&$AK$4,TKB_LOP_CHECK!$B$65:$J$860,9,0),"") -> Mĩ thuật -3C1 | AM16: =IFERROR(VLOOKUP($A$16&$C$5&$B16&$AM$4,TKB_LOP_CHECK!$B$65:$J$860,9,0),"") -> TViệt -4C1 | AN16: =IFERROR(VLOOKUP($A$16&$D$5&$B16&$AM$4,TKB_LOP_CHECK!$B$65:$J$860,9,0),"") | AO16: =IFERROR(VLOOKUP($A$16&$C$5&$B16&$AO$4,TKB_LOP_CHECK!$B$65:$J$860,9,0),"") | AP16: =IFERROR(VLOOKUP($A$16&$D$5&$B16&$AO$4,TKB_LOP_CHECK!$B$65:$J$860,9,0),"") | AQ16: =IFERROR(VLOOKUP($A$16&$C$5&$B16&$AQ$4,TKB_LOP_CHECK!$B$65:$J$860,9,0),"") | AR16: =IFERROR(VLOOKUP($A$16&$D$5&$B16&$AQ$4,TKB_LOP_CHECK!$B$65:$J$860,9,0),"") -> GVNN -6A1 | AS16: =IFERROR(VLOOKUP($A$16&$C$5&$B16&$AS$4,TKB_LOP_CHECK!$B$65:$J$860,9,0),"") -> Toán -3C1 | AT16: =IFERROR(VLOOKUP($A$16&$D$5&$B16&$AS$4,TKB_LOP_CHECK!$B$65:$J$860,9,0),"") -> Toán -2C1 | AU16: =IFERROR(VLOOKUP($A$16&$C$5&$B16&$AU$4,TKB_LOP_CHECK!$B$65:$J$860,9,0),"") | AV16: =IFERROR(VLOOKUP($A$16&$D$5&$B16&$AU$4,TKB_LOP_CHECK!$B$65:$J$860,9,0),"") | AW16: =IFERROR(VLOOKUP($A$16&$C$5&$B16&$AW$4,TKB_LOP_CHECK!$B$65:$J$860,9,0),"") | AX16: =IFERROR(VLOOKUP($A$16&$D$5&$B16&$AW$4,TKB_LOP_CHECK!$B$65:$J$860,9,0),"") | AY16: =IFERROR(VLOOKUP($A$16&$C$5&$B16&$AY$4,TKB_LOP_CHECK!$B$65:$J$860,9,0),"") | AZ16: =IFERROR(VLOOKUP($A$16&$D$5&$B16&$AY$4,TKB_LOP_CHECK!$B$65:$J$860,9,0),"") | BA16: =IFERROR(VLOOKUP($A$16&$C$5&$B16&$BA$4,TKB_LOP_CHECK!$B$65:$J$860,9,0),"") | BB16: =IFERROR(VLOOKUP($A$16&$D$5&$B16&$BA$4,TKB_LOP_CHECK!$B$65:$J$860,9,0),"") | BC16: =IFERROR(VLOOKUP($A$16&$C$5&$B16&$BC$4,TKB_LOP_CHECK!$B$65:$J$860,9,0),"") | BD16: =IFERROR(VLOOKUP($A$16&$D$5&$B16&$BC$4,TKB_LOP_CHECK!$B$65:$J$860,9,0),"") | BE16: =IFERROR(VLOOKUP($A$16&$C$5&$B16&$BE$4,TKB_LOP_CHECK!$B$65:$J$860,9,0),"") | BF16: =IFERROR(VLOOKUP($A$16&$D$5&$B16&$BE$4,TKB_LOP_CHECK!$B$65:$J$860,9,0),"") | BG16: =IFERROR(VLOOKUP($A$16&$C$5&$B16&$BG$4,TKB_LOP_CHECK!$B$65:$J$860,9,0),"") | BH16: =IFERROR(VLOOKUP($A$16&$D$5&$B16&$BG$4,TKB_LOP_CHECK!$B$65:$J$860,9,0),"") | BI16: =IFERROR(VLOOKUP($A$16&$C$5&$B16&$BI$4,TKB_LOP_CHECK!$B$65:$J$860,9,0),"") | BJ16: =IFERROR(VLOOKUP($A$16&$D$5&$B16&$BI$4,TKB_LOP_CHECK!$B$65:$J$860,9,0),"") | BK16: =IFERROR(VLOOKUP($A$16&$C$5&$B16&$BK$4,TKB_LOP_CHECK!$B$65:$J$860,9,0),"") | BL16: =IFERROR(VLOOKUP($A$16&$D$5&$B16&$BK$4,TKB_LOP_CHECK!$B$65:$J$860,9,0),"") | BM16: =IFERROR(VLOOKUP($A$16&$C$5&$B16&$BM$4,TKB_LOP_CHECK!$B$65:$J$860,9,0),"") | BN16: =IFERROR(VLOOKUP($A$16&$D$5&$B16&$BM$4,TKB_LOP_CHECK!$B$65:$J$860,9,0),"") | BO16: =IFERROR(VLOOKUP($A$16&$C$5&$B16&$BO$4,TKB_LOP_CHECK!$A$65:$J$860,10,0),"") | BP16: =IFERROR(VLOOKUP($A$16&$D$5&$B16&$BO$4,TKB_LOP_CHECK!$A$65:$J$860,10,0),"") | BQ16: =IFERROR(VLOOKUP($A$16&$C$5&$B16&$BQ$4,TKB_LOP_CHECK!$A$65:$J$860,10,0),"") -> GVNN -2C1 | BR16: =IFERROR(VLOOKUP($A$16&$D$5&$B16&$BQ$4,TKB_LOP_CHECK!$A$65:$J$860,10,0),"") -> GVNN -5C1 | BS16: =IFERROR(VLOOKUP($A$16&$C$5&$B16&$BS$4,TKB_LOP_CHECK!$A$65:$J$860,10,0),"") | BT16: =IFERROR(VLOOKUP($A$16&$D$5&$B16&$BS$4,TKB_LOP_CHECK!$A$65:$J$860,10,0),"") | BU16: =IFERROR(VLOOKUP($A$16&$C$5&$B16&$BU$4,TKB_LOP_CHECK!$A$65:$J$860,10,0),"") | BV16: =IFERROR(VLOOKUP($A$16&$D$5&$B16&$BU$4,TKB_LOP_CHECK!$A$65:$J$860,10,0),"")
B17: 2 | C17: =IFERROR(VLOOKUP($A$16&$C$5&$B17&$C$4,TKB_LOP_CHECK!$B$65:$J$860,9,0),"") -> GVVN -6A1 | D17: =IFERROR(VLOOKUP($A$16&$D$5&$B17&$C$4,TKB_LOP_CHECK!$B$65:$J$860,9,0),"") -> GVVN -6A1 | E17: =IFERROR(VLOOKUP($A$16&$C$5&$B17&$E$4,TKB_LOP_CHECK!$B$65:$J$860,9,0),"") -> Tiếng Trung -7A1 | F17: =IFERROR(VLOOKUP($A$16&$D$5&$B17&$E$4,TKB_LOP_CHECK!$B$65:$J$860,9,0),"") | G17: =IFERROR(VLOOKUP($A$16&$C$5&$B17&$G$4,TKB_LOP_CHECK!$B$65:$J$860,9,0),"") -> GVVN -4C1 | H17: =IFERROR(VLOOKUP($A$16&$D$5&$B17&$G$4,TKB_LOP_CHECK!$B$65:$J$860,9,0),"") -> Science -4C1 | I17: =IFERROR(VLOOKUP($A$16&$C$5&$B17&$I$4,TKB_LOP_CHECK!$B$65:$J$860,9,0),"") -> Toán -2C1 | J17: =IFERROR(VLOOKUP($A$16&$D$5&$B17&$I$4,TKB_LOP_CHECK!$B$65:$J$860,9,0),"") -> Toán -5C1 | K17: =IFERROR(VLOOKUP($A$16&$C$5&$B17&$K$4,TKB_LOP_CHECK!$B$65:$J$860,9,0),"") -> Toán -2C1 | L17: =IFERROR(VLOOKUP($A$16&$D$5&$B17&$K$4,TKB_LOP_CHECK!$B$65:$J$860,9,0),"") -> Toán -5C1 | M17: =IFERROR(VLOOKUP($A$16&$C$5&$B17&$M$4,TKB_LOP_CHECK!$B$65:$J$860,9,0),"") | N17: =IFERROR(VLOOKUP($A$16&$D$5&$B17&$M$4,TKB_LOP_CHECK!$B$65:$J$860,9,0),"") -> GVNN -1A1 | O17: =IFERROR(VLOOKUP($A$16&$C$5&$B17&$O$4,TKB_LOP_CHECK!$B$65:$J$860,9,0),"") -> KCST -TTH1 | P17: =IFERROR(VLOOKUP($A$16&$D$5&$B17&$O$4,TKB_LOP_CHECK!$B$65:$J$860,9,0),"") | Q17: =IFERROR(VLOOKUP($A$16&$C$5&$B17&$Q$4,TKB_LOP_CHECK!$B$65:$J$860,9,0),"") | R17: =IFERROR(VLOOKUP($A$16&$D$5&$B17&$Q$4,TKB_LOP_CHECK!$B$65:$J$860,9,0),"") | S17: =IFERROR(VLOOKUP($A$16&$C$5&$B17&$S$4,TKB_LOP_CHECK!$B$65:$J$860,9,0),"") -> GVVN -4C1 | T17: =IFERROR(VLOOKUP($A$16&$D$5&$B17&$S$4,TKB_LOP_CHECK!$B$65:$J$860,9,0),"") -> Science -4C1 | U17: =IFERROR(VLOOKUP($A$16&$C$5&$B17&$U$4,TKB_LOP_CHECK!$B$65:$J$860,9,0),"") | V17: =IFERROR(VLOOKUP($A$16&$D$5&$B17&$U$4,TKB_LOP_CHECK!$B$65:$J$860,9,0),"") | W17: =IFERROR(VLOOKUP($A$16&$C$5&$B17&$W$4,TKB_LOP_CHECK!$B$65:$J$860,9,0),"") | X17: =IFERROR(VLOOKUP($A$16&$D$5&$B17&$W$4,TKB_LOP_CHECK!$B$65:$J$860,9,0),"") | Y17: =IFERROR(VLOOKUP($A$16&$C$5&$B17&$Y$4,TKB_LOP_CHECK!$B$65:$J$860,9,0),"") | Z17: =IFERROR(VLOOKUP($A$16&$D$5&$B17&$Y$4,TKB_LOP_CHECK!$B$65:$J$860,9,0),"") | AA17: =IFERROR(VLOOKUP($A$16&$C$5&$B17&$AA$4,TKB_LOP_CHECK!$B$65:$J$860,9,0),"") | AB17: =IFERROR(VLOOKUP($A$16&$D$5&$B17&$AA$4,TKB_LOP_CHECK!$B$65:$J$860,9,0),"") -> GVNN -1A1 | AC17: =IFERROR(VLOOKUP($A$16&$C$5&$B17&$AC$4,TKB_LOP_CHECK!$B$65:$J$860,9,0),"") | AD17: =IFERROR(VLOOKUP($A$16&$D$5&$B17&$AC$4,TKB_LOP_CHECK!$B$65:$J$860,9,0),"") | AE17: =IFERROR(VLOOKUP($A$16&$C$5&$B17&$AE$4,TKB_LOP_CHECK!$B$65:$J$860,9,0),"") -> GVNN -3C1 | AF17: =IFERROR(VLOOKUP($A$16&$D$5&$B17&$AE$4,TKB_LOP_CHECK!$B$65:$J$860,9,0),"") | AG17: =IFERROR(VLOOKUP($A$16&$C$5&$B17&$AG$4,TKB_LOP_CHECK!$B$65:$J$860,9,0),"") | AH17: =IFERROR(VLOOKUP($A$16&$D$5&$B17&$AG$4,TKB_LOP_CHECK!$B$65:$J$860,9,0),"") -> GVNN -1A1 | AI17: =IFERROR(VLOOKUP($A$16&$C$5&$B17&$AI$4,TKB_LOP_CHECK!$B$65:$J$860,9,0),"") | AJ17: =IFERROR(VLOOKUP($A$16&$D$5&$B17&$AI$4,TKB_LOP_CHECK!$B$65:$J$860,9,0),"") | AK17: =IFERROR(VLOOKUP($A$16&$C$5&$B17&$AK$4,TKB_LOP_CHECK!$B$65:$J$860,9,0),"") | AL17: =IFERROR(VLOOKUP($A$16&$D$5&$B17&$AK$4,TKB_LOP_CHECK!$B$65:$J$860,9,0),"") -> Mĩ thuật -8A1 | AM17: =IFERROR(VLOOKUP($A$16&$C$5&$B17&$AM$4,TKB_LOP_CHECK!$B$65:$J$860,9,0),"") -> TViệt -5C1 | AN17: =IFERROR(VLOOKUP($A$16&$D$5&$B17&$AM$4,TKB_LOP_CHECK!$B$65:$J$860,9,0),"") -> TViệt -3C1 | AO17: =IFERROR(VLOOKUP($A$16&$C$5&$B17&$AO$4,TKB_LOP_CHECK!$B$65:$J$860,9,0),"") -> Viết sáng tạo -2A1 | AP17: =IFERROR(VLOOKUP($A$16&$D$5&$B17&$AO$4,TKB_LOP_CHECK!$B$65:$J$860,9,0),"") | AQ17: =IFERROR(VLOOKUP($A$16&$C$5&$B17&$AQ$4,TKB_LOP_CHECK!$B$65:$J$860,9,0),"") -> GVVN -6A1 | AR17: =IFERROR(VLOOKUP($A$16&$D$5&$B17&$AQ$4,TKB_LOP_CHECK!$B$65:$J$860,9,0),"") -> GVVN -6A1 | AS17: =IFERROR(VLOOKUP($A$16&$C$5&$B17&$AS$4,TKB_LOP_CHECK!$B$65:$J$860,9,0),"") -> Toán -2C1 | AT17: =IFERROR(VLOOKUP($A$16&$D$5&$B17&$AS$4,TKB_LOP_CHECK!$B$65:$J$860,9,0),"") -> Toán -5C1 | AU17: =IFERROR(VLOOKUP($A$16&$C$5&$B17&$AU$4,TKB_LOP_CHECK!$B$65:$J$860,9,0),"") | AV17: =IFERROR(VLOOKUP($A$16&$D$5&$B17&$AU$4,TKB_LOP_CHECK!$B$65:$J$860,9,0),"") | AW17: =IFERROR(VLOOKUP($A$16&$C$5&$B17&$AW$4,TKB_LOP_CHECK!$B$65:$J$860,9,0),"") | AX17: =IFERROR(VLOOKUP($A$16&$D$5&$B17&$AW$4,TKB_LOP_CHECK!$B$65:$J$860,9,0),"") | AY17: =IFERROR(VLOOKUP($A$16&$C$5&$B17&$AY$4,TKB_LOP_CHECK!$B$65:$J$860,9,0),"") | AZ17: =IFERROR(VLOOKUP($A$16&$D$5&$B17&$AY$4,TKB_LOP_CHECK!$B$65:$J$860,9,0),"") | BA17: =IFERROR(VLOOKUP($A$16&$C$5&$B17&$BA$4,TKB_LOP_CHECK!$B$65:$J$860,9,0),"") | BB17: =IFERROR(VLOOKUP($A$16&$D$5&$B17&$BA$4,TKB_LOP_CHECK!$B$65:$J$860,9,0),"") | BC17: =IFERROR(VLOOKUP($A$16&$C$5&$B17&$BC$4,TKB_LOP_CHECK!$B$65:$J$860,9,0),"") | BD17: =IFERROR(VLOOKUP($A$16&$D$5&$B17&$BC$4,TKB_LOP_CHECK!$B$65:$J$860,9,0),"") | BE17: =IFERROR(VLOOKUP($A$16&$C$5&$B17&$BE$4,TKB_LOP_CHECK!$B$65:$J$860,9,0),"") | BF17: =IFERROR(VLOOKUP($A$16&$D$5&$B17&$BE$4,TKB_LOP_CHECK!$B$65:$J$860,9,0),"") | BG17: =IFERROR(VLOOKUP($A$16&$C$5&$B17&$BG$4,TKB_LOP_CHECK!$B$65:$J$860,9,0),"") | BH17: =IFERROR(VLOOKUP($A$16&$D$5&$B17&$BG$4,TKB_LOP_CHECK!$B$65:$J$860,9,0),"") | BI17: =IFERROR(VLOOKUP($A$16&$C$5&$B17&$BI$4,TKB_LOP_CHECK!$B$65:$J$860,9,0),"") | BJ17: =IFERROR(VLOOKUP($A$16&$D$5&$B17&$BI$4,TKB_LOP_CHECK!$B$65:$J$860,9,0),"") | BK17: =IFERROR(VLOOKUP($A$16&$C$5&$B17&$BK$4,TKB_LOP_CHECK!$B$65:$J$860,9,0),"") | BL17: =IFERROR(VLOOKUP($A$16&$D$5&$B17&$BK$4,TKB_LOP_CHECK!$B$65:$J$860,9,0),"") | BM17: =IFERROR(VLOOKUP($A$16&$C$5&$B17&$BM$4,TKB_LOP_CHECK!$B$65:$J$860,9,0),"") | BN17: =IFERROR(VLOOKUP($A$16&$D$5&$B17&$BM$4,TKB_LOP_CHECK!$B$65:$J$860,9,0),"") | BO17: =IFERROR(VLOOKUP($A$16&$C$5&$B17&$BO$4,TKB_LOP_CHECK!$A$65:$J$860,10,0),"") | BP17: =IFERROR(VLOOKUP($A$16&$D$5&$B17&$BO$4,TKB_LOP_CHECK!$A$65:$J$860,10,0),"") | BQ17: =IFERROR(VLOOKUP($A$16&$C$5&$B17&$BQ$4,TKB_LOP_CHECK!$A$65:$J$860,10,0),"") -> GVNN -3C1 | BR17: =IFERROR(VLOOKUP($A$16&$D$5&$B17&$BQ$4,TKB_LOP_CHECK!$A$65:$J$860,10,0),"") | BS17: =IFERROR(VLOOKUP($A$16&$C$5&$B17&$BS$4,TKB_LOP_CHECK!$A$65:$J$860,10,0),"") | BT17: =IFERROR(VLOOKUP($A$16&$D$5&$B17&$BS$4,TKB_LOP_CHECK!$A$65:$J$860,10,0),"") | BU17: =IFERROR(VLOOKUP($A$16&$C$5&$B17&$BU$4,TKB_LOP_CHECK!$A$65:$J$860,10,0),"") | BV17: =IFERROR(VLOOKUP($A$16&$D$5&$B17&$BU$4,TKB_LOP_CHECK!$A$65:$J$860,10,0),"")
B18: 3 | C18: =IFERROR(VLOOKUP($A$16&$C$5&$B18&$C$4,TKB_LOP_CHECK!$B$65:$J$860,9,0),"") -> GVVN -7A1 | D18: =IFERROR(VLOOKUP($A$16&$D$5&$B18&$C$4,TKB_LOP_CHECK!$B$65:$J$860,9,0),"") -> GVNN -7A1 | E18: =IFERROR(VLOOKUP($A$16&$C$5&$B18&$E$4,TKB_LOP_CHECK!$B$65:$J$860,9,0),"") -> Tiếng Trung -8A1 | F18: =IFERROR(VLOOKUP($A$16&$D$5&$B18&$E$4,TKB_LOP_CHECK!$B$65:$J$860,9,0),"") | G18: =IFERROR(VLOOKUP($A$16&$C$5&$B18&$G$4,TKB_LOP_CHECK!$B$65:$J$860,9,0),"") | H18: =IFERROR(VLOOKUP($A$16&$D$5&$B18&$G$4,TKB_LOP_CHECK!$B$65:$J$860,9,0),"") -> GVVN -8A1 | I18: =IFERROR(VLOOKUP($A$16&$C$5&$B18&$I$4,TKB_LOP_CHECK!$B$65:$J$860,9,0),"") | J18: =IFERROR(VLOOKUP($A$16&$D$5&$B18&$I$4,TKB_LOP_CHECK!$B$65:$J$860,9,0),"") | K18: =IFERROR(VLOOKUP($A$16&$C$5&$B18&$K$4,TKB_LOP_CHECK!$B$65:$J$860,9,0),"") | L18: =IFERROR(VLOOKUP($A$16&$D$5&$B18&$K$4,TKB_LOP_CHECK!$B$65:$J$860,9,0),"") | M18: =IFERROR(VLOOKUP($A$16&$C$5&$B18&$M$4,TKB_LOP_CHECK!$B$65:$J$860,9,0),"") -> GVVN -TTH2 | N18: =IFERROR(VLOOKUP($A$16&$D$5&$B18&$M$4,TKB_LOP_CHECK!$B$65:$J$860,9,0),"") -> GVVN -TTH2 | O18: =IFERROR(VLOOKUP($A$16&$C$5&$B18&$O$4,TKB_LOP_CHECK!$B$65:$J$860,9,0),"") | P18: =IFERROR(VLOOKUP($A$16&$D$5&$B18&$O$4,TKB_LOP_CHECK!$B$65:$J$860,9,0),"") -> Toán -TTH1 | Q18: =IFERROR(VLOOKUP($A$16&$C$5&$B18&$Q$4,TKB_LOP_CHECK!$B$65:$J$860,9,0),"") -> GDTC -2A1 | R18: =IFERROR(VLOOKUP($A$16&$D$5&$B18&$Q$4,TKB_LOP_CHECK!$B$65:$J$860,9,0),"") -> GDTC -2C1 | S18: =IFERROR(VLOOKUP($A$16&$C$5&$B18&$S$4,TKB_LOP_CHECK!$B$65:$J$860,9,0),"") | T18: =IFERROR(VLOOKUP($A$16&$D$5&$B18&$S$4,TKB_LOP_CHECK!$B$65:$J$860,9,0),"") -> GVVN -8A1 | U18: =IFERROR(VLOOKUP($A$16&$C$5&$B18&$U$4,TKB_LOP_CHECK!$B$65:$J$860,9,0),"") | V18: =IFERROR(VLOOKUP($A$16&$D$5&$B18&$U$4,TKB_LOP_CHECK!$B$65:$J$860,9,0),"") | W18: =IFERROR(VLOOKUP($A$16&$C$5&$B18&$W$4,TKB_LOP_CHECK!$B$65:$J$860,9,0),"") | X18: =IFERROR(VLOOKUP($A$16&$D$5&$B18&$W$4,TKB_LOP_CHECK!$B$65:$J$860,9,0),"") | Y18: =IFERROR(VLOOKUP($A$16&$C$5&$B18&$Y$4,TKB_LOP_CHECK!$B$65:$J$860,9,0),"") | Z18: =IFERROR(VLOOKUP($A$16&$D$5&$B18&$Y$4,TKB_LOP_CHECK!$B$65:$J$860,9,0),"") | AA18: =IFERROR(VLOOKUP($A$16&$C$5&$B18&$AA$4,TKB_LOP_CHECK!$B$65:$J$860,9,0),"") -> GVVN -TTH2 | AB18: =IFERROR(VLOOKUP($A$16&$D$5&$B18&$AA$4,TKB_LOP_CHECK!$B$65:$J$860,9,0),"") -> GVVN -TTH2 | AC18: =IFERROR(VLOOKUP($A$16&$C$5&$B18&$AC$4,TKB_LOP_CHECK!$B$65:$J$860,9,0),"") | AD18: =IFERROR(VLOOKUP($A$16&$D$5&$B18&$AC$4,TKB_LOP_CHECK!$B$65:$J$860,9,0),"") | AE18: =IFERROR(VLOOKUP($A$16&$C$5&$B18&$AE$4,TKB_LOP_CHECK!$B$65:$J$860,9,0),"") -> Science -3C1 | AF18: =IFERROR(VLOOKUP($A$16&$D$5&$B18&$AE$4,TKB_LOP_CHECK!$B$65:$J$860,9,0),"") -> GVVN -3C1 | AG18: =IFERROR(VLOOKUP($A$16&$C$5&$B18&$AG$4,TKB_LOP_CHECK!$B$65:$J$860,9,0),"") -> GVVN -TTH2 | AH18: =IFERROR(VLOOKUP($A$16&$D$5&$B18&$AG$4,TKB_LOP_CHECK!$B$65:$J$860,9,0),"") -> GVVN -TTH2 | AI18: =IFERROR(VLOOKUP($A$16&$C$5&$B18&$AI$4,TKB_LOP_CHECK!$B$65:$J$860,9,0),"") | AJ18: =IFERROR(VLOOKUP($A$16&$D$5&$B18&$AI$4,TKB_LOP_CHECK!$B$65:$J$860,9,0),"") | AK18: =IFERROR(VLOOKUP($A$16&$C$5&$B18&$AK$4,TKB_LOP_CHECK!$B$65:$J$860,9,0),"") -> Mĩ thuật -4C1 | AL18: =IFERROR(VLOOKUP($A$16&$D$5&$B18&$AK$4,TKB_LOP_CHECK!$B$65:$J$860,9,0),"") -> Mĩ thuật -5C1 | AM18: =IFERROR(VLOOKUP($A$16&$C$5&$B18&$AM$4,TKB_LOP_CHECK!$B$65:$J$860,9,0),"") | AN18: =IFERROR(VLOOKUP($A$16&$D$5&$B18&$AM$4,TKB_LOP_CHECK!$B$65:$J$860,9,0),"") | AO18: =IFERROR(VLOOKUP($A$16&$C$5&$B18&$AO$4,TKB_LOP_CHECK!$B$65:$J$860,9,0),"") -> TViệt -2C1 | AP18: =IFERROR(VLOOKUP($A$16&$D$5&$B18&$AO$4,TKB_LOP_CHECK!$B$65:$J$860,9,0),"") | AQ18: =IFERROR(VLOOKUP($A$16&$C$5&$B18&$AQ$4,TKB_LOP_CHECK!$B$65:$J$860,9,0),"") -> GVVN -7A1 | AR18: =IFERROR(VLOOKUP($A$16&$D$5&$B18&$AQ$4,TKB_LOP_CHECK!$B$65:$J$860,9,0),"") -> GVNN -7A1 | AS18: =IFERROR(VLOOKUP($A$16&$C$5&$B18&$AS$4,TKB_LOP_CHECK!$B$65:$J$860,9,0),"") | AT18: =IFERROR(VLOOKUP($A$16&$D$5&$B18&$AS$4,TKB_LOP_CHECK!$B$65:$J$860,9,0),"") | AU18: =IFERROR(VLOOKUP($A$16&$C$5&$B18&$AU$4,TKB_LOP_CHECK!$B$65:$J$860,9,0),"") | AV18: =IFERROR(VLOOKUP($A$16&$D$5&$B18&$AU$4,TKB_LOP_CHECK!$B$65:$J$860,9,0),"") | AW18: =IFERROR(VLOOKUP($A$16&$C$5&$B18&$AW$4,TKB_LOP_CHECK!$B$65:$J$860,9,0),"") | AX18: =IFERROR(VLOOKUP($A$16&$D$5&$B18&$AW$4,TKB_LOP_CHECK!$B$65:$J$860,9,0),"") | AY18: =IFERROR(VLOOKUP($A$16&$C$5&$B18&$AY$4,TKB_LOP_CHECK!$B$65:$J$860,9,0),"") | AZ18: =IFERROR(VLOOKUP($A$16&$D$5&$B18&$AY$4,TKB_LOP_CHECK!$B$65:$J$860,9,0),"") | BA18: =IFERROR(VLOOKUP($A$16&$C$5&$B18&$BA$4,TKB_LOP_CHECK!$B$65:$J$860,9,0),"") | BB18: =IFERROR(VLOOKUP($A$16&$D$5&$B18&$BA$4,TKB_LOP_CHECK!$B$65:$J$860,9,0),"") | BC18: =IFERROR(VLOOKUP($A$16&$C$5&$B18&$BC$4,TKB_LOP_CHECK!$B$65:$J$860,9,0),"") | BD18: =IFERROR(VLOOKUP($A$16&$D$5&$B18&$BC$4,TKB_LOP_CHECK!$B$65:$J$860,9,0),"") | BE18: =IFERROR(VLOOKUP($A$16&$C$5&$B18&$BE$4,TKB_LOP_CHECK!$B$65:$J$860,9,0),"") | BF18: =IFERROR(VLOOKUP($A$16&$D$5&$B18&$BE$4,TKB_LOP_CHECK!$B$65:$J$860,9,0),"") | BG18: =IFERROR(VLOOKUP($A$16&$C$5&$B18&$BG$4,TKB_LOP_CHECK!$B$65:$J$860,9,0),"") | BH18: =IFERROR(VLOOKUP($A$16&$D$5&$B18&$BG$4,TKB_LOP_CHECK!$B$65:$J$860,9,0),"") | BI18: =IFERROR(VLOOKUP($A$16&$C$5&$B18&$BI$4,TKB_LOP_CHECK!$B$65:$J$860,9,0),"") | BJ18: =IFERROR(VLOOKUP($A$16&$D$5&$B18&$BI$4,TKB_LOP_CHECK!$B$65:$J$860,9,0),"") | BK18: =IFERROR(VLOOKUP($A$16&$C$5&$B18&$BK$4,TKB_LOP_CHECK!$B$65:$J$860,9,0),"") | BL18: =IFERROR(VLOOKUP($A$16&$D$5&$B18&$BK$4,TKB_LOP_CHECK!$B$65:$J$860,9,0),"") | BM18: =IFERROR(VLOOKUP($A$16&$C$5&$B18&$BM$4,TKB_LOP_CHECK!$B$65:$J$860,9,0),"") | BN18: =IFERROR(VLOOKUP($A$16&$D$5&$B18&$BM$4,TKB_LOP_CHECK!$B$65:$J$860,9,0),"") | BO18: =IFERROR(VLOOKUP($A$16&$C$5&$B18&$BO$4,TKB_LOP_CHECK!$A$65:$J$860,10,0),"") | BP18: =IFERROR(VLOOKUP($A$16&$D$5&$B18&$BO$4,TKB_LOP_CHECK!$A$65:$J$860,10,0),"") | BQ18: =IFERROR(VLOOKUP($A$16&$C$5&$B18&$BQ$4,TKB_LOP_CHECK!$A$65:$J$860,10,0),"") | BR18: =IFERROR(VLOOKUP($A$16&$D$5&$B18&$BQ$4,TKB_LOP_CHECK!$A$65:$J$860,10,0),"") -> GVNN -1C1 | BS18: =IFERROR(VLOOKUP($A$16&$C$5&$B18&$BS$4,TKB_LOP_CHECK!$A$65:$J$860,10,0),"") | BT18: =IFERROR(VLOOKUP($A$16&$D$5&$B18&$BS$4,TKB_LOP_CHECK!$A$65:$J$860,10,0),"") | BU18: =IFERROR(VLOOKUP($A$16&$C$5&$B18&$BU$4,TKB_LOP_CHECK!$A$65:$J$860,10,0),"") | BV18: =IFERROR(VLOOKUP($A$16&$D$5&$B18&$BU$4,TKB_LOP_CHECK!$A$65:$J$860,10,0),"")
B19: 4 | C19: =IFERROR(VLOOKUP($A$16&$C$5&$B19&$C$4,TKB_LOP_CHECK!$B$65:$J$860,9,0),"") | D19: =IFERROR(VLOOKUP($A$16&$D$5&$B19&$C$4,TKB_LOP_CHECK!$B$65:$J$860,9,0),"") | E19: =IFERROR(VLOOKUP($A$16&$C$5&$B19&$E$4,TKB_LOP_CHECK!$B$65:$J$860,9,0),"") | F19: =IFERROR(VLOOKUP($A$16&$D$5&$B19&$E$4,TKB_LOP_CHECK!$B$65:$J$860,9,0),"") | G19: =IFERROR(VLOOKUP($A$16&$C$5&$B19&$G$4,TKB_LOP_CHECK!$B$65:$J$860,9,0),"") -> GVNN -8A1 | H19: =IFERROR(VLOOKUP($A$16&$D$5&$B19&$G$4,TKB_LOP_CHECK!$B$65:$J$860,9,0),"") -> GVNN -4C1 | I19: =IFERROR(VLOOKUP($A$16&$C$5&$B19&$I$4,TKB_LOP_CHECK!$B$65:$J$860,9,0),"") -> Toán -5C1 | J19: =IFERROR(VLOOKUP($A$16&$D$5&$B19&$I$4,TKB_LOP_CHECK!$B$65:$J$860,9,0),"") | K19: =IFERROR(VLOOKUP($A$16&$C$5&$B19&$K$4,TKB_LOP_CHECK!$B$65:$J$860,9,0),"") -> Toán -5C1 | L19: =IFERROR(VLOOKUP($A$16&$D$5&$B19&$K$4,TKB_LOP_CHECK!$B$65:$J$860,9,0),"") | M19: =IFERROR(VLOOKUP($A$16&$C$5&$B19&$M$4,TKB_LOP_CHECK!$B$65:$J$860,9,0),"") -> GVNN -1A1 | N19: =IFERROR(VLOOKUP($A$16&$D$5&$B19&$M$4,TKB_LOP_CHECK!$B$65:$J$860,9,0),"") | O19: =IFERROR(VLOOKUP($A$16&$C$5&$B19&$O$4,TKB_LOP_CHECK!$B$65:$J$860,9,0),"") -> Cảm xúc xã hội -TTH1 | P19: =IFERROR(VLOOKUP($A$16&$D$5&$B19&$O$4,TKB_LOP_CHECK!$B$65:$J$860,9,0),"") -> VĐ Ngoài trời -TTH1 | Q19: =IFERROR(VLOOKUP($A$16&$C$5&$B19&$Q$4,TKB_LOP_CHECK!$B$65:$J$860,9,0),"") -> GDTC -2A1 | R19: =IFERROR(VLOOKUP($A$16&$D$5&$B19&$Q$4,TKB_LOP_CHECK!$B$65:$J$860,9,0),"") -> GDTC -2C1 | S19: =IFERROR(VLOOKUP($A$16&$C$5&$B19&$S$4,TKB_LOP_CHECK!$B$65:$J$860,9,0),"") -> GVNN -8A1 | T19: =IFERROR(VLOOKUP($A$16&$D$5&$B19&$S$4,TKB_LOP_CHECK!$B$65:$J$860,9,0),"") -> GVNN -4C1 | U19: =IFERROR(VLOOKUP($A$16&$C$5&$B19&$U$4,TKB_LOP_CHECK!$B$65:$J$860,9,0),"") -> Văn -7A1 | V19: =IFERROR(VLOOKUP($A$16&$D$5&$B19&$U$4,TKB_LOP_CHECK!$B$65:$J$860,9,0),"") -> Đọc sách -7A1 | W19: =IFERROR(VLOOKUP($A$16&$C$5&$B19&$W$4,TKB_LOP_CHECK!$B$65:$J$860,9,0),"") | X19: =IFERROR(VLOOKUP($A$16&$D$5&$B19&$W$4,TKB_LOP_CHECK!$B$65:$J$860,9,0),"") | Y19: =IFERROR(VLOOKUP($A$16&$C$5&$B19&$Y$4,TKB_LOP_CHECK!$B$65:$J$860,9,0),"") -> TViệt -3A1 | Z19: =IFERROR(VLOOKUP($A$16&$D$5&$B19&$Y$4,TKB_LOP_CHECK!$B$65:$J$860,9,0),"") -> Toán -3A1 | AA19: =IFERROR(VLOOKUP($A$16&$C$5&$B19&$AA$4,TKB_LOP_CHECK!$B$65:$J$860,9,0),"") -> GVNN -1A1 | AB19: =IFERROR(VLOOKUP($A$16&$D$5&$B19&$AA$4,TKB_LOP_CHECK!$B$65:$J$860,9,0),"") | AC19: =IFERROR(VLOOKUP($A$16&$C$5&$B19&$AC$4,TKB_LOP_CHECK!$B$65:$J$860,9,0),"") | AD19: =IFERROR(VLOOKUP($A$16&$D$5&$B19&$AC$4,TKB_LOP_CHECK!$B$65:$J$860,9,0),"") | AE19: =IFERROR(VLOOKUP($A$16&$C$5&$B19&$AE$4,TKB_LOP_CHECK!$B$65:$J$860,9,0),"") | AF19: =IFERROR(VLOOKUP($A$16&$D$5&$B19&$AE$4,TKB_LOP_CHECK!$B$65:$J$860,9,0),"") | AG19: =IFERROR(VLOOKUP($A$16&$C$5&$B19&$AG$4,TKB_LOP_CHECK!$B$65:$J$860,9,0),"") -> GVNN -1A1 | AH19: =IFERROR(VLOOKUP($A$16&$D$5&$B19&$AG$4,TKB_LOP_CHECK!$B$65:$J$860,9,0),"") | AI19: =IFERROR(VLOOKUP($A$16&$C$5&$B19&$AI$4,TKB_LOP_CHECK!$B$65:$J$860,9,0),"") | AJ19: =IFERROR(VLOOKUP($A$16&$D$5&$B19&$AI$4,TKB_LOP_CHECK!$B$65:$J$860,9,0),"") | AK19: =IFERROR(VLOOKUP($A$16&$C$5&$B19&$AK$4,TKB_LOP_CHECK!$B$65:$J$860,9,0),"") -> Mĩ thuật -TTH2 | AL19: =IFERROR(VLOOKUP($A$16&$D$5&$B19&$AK$4,TKB_LOP_CHECK!$B$65:$J$860,9,0),"") -> Mĩ thuật -1A1 | AM19: =IFERROR(VLOOKUP($A$16&$C$5&$B19&$AM$4,TKB_LOP_CHECK!$B$65:$J$860,9,0),"") | AN19: =IFERROR(VLOOKUP($A$16&$D$5&$B19&$AM$4,TKB_LOP_CHECK!$B$65:$J$860,9,0),"") | AO19: =IFERROR(VLOOKUP($A$16&$C$5&$B19&$AO$4,TKB_LOP_CHECK!$B$65:$J$860,9,0),"") -> TViệt -2C1 | AP19: =IFERROR(VLOOKUP($A$16&$D$5&$B19&$AO$4,TKB_LOP_CHECK!$B$65:$J$860,9,0),"") | AQ19: =IFERROR(VLOOKUP($A$16&$C$5&$B19&$AQ$4,TKB_LOP_CHECK!$B$65:$J$860,9,0),"") | AR19: =IFERROR(VLOOKUP($A$16&$D$5&$B19&$AQ$4,TKB_LOP_CHECK!$B$65:$J$860,9,0),"") | AS19: =IFERROR(VLOOKUP($A$16&$C$5&$B19&$AS$4,TKB_LOP_CHECK!$B$65:$J$860,9,0),"") -> Toán -5C1 | AT19: =IFERROR(VLOOKUP($A$16&$D$5&$B19&$AS$4,TKB_LOP_CHECK!$B$65:$J$860,9,0),"") | AU19: =IFERROR(VLOOKUP($A$16&$C$5&$B19&$AU$4,TKB_LOP_CHECK!$B$65:$J$860,9,0),"") | AV19: =IFERROR(VLOOKUP($A$16&$D$5&$B19&$AU$4,TKB_LOP_CHECK!$B$65:$J$860,9,0),"") | AW19: =IFERROR(VLOOKUP($A$16&$C$5&$B19&$AW$4,TKB_LOP_CHECK!$B$65:$J$860,9,0),"") | AX19: =IFERROR(VLOOKUP($A$16&$D$5&$B19&$AW$4,TKB_LOP_CHECK!$B$65:$J$860,9,0),"") | AY19: =IFERROR(VLOOKUP($A$16&$C$5&$B19&$AY$4,TKB_LOP_CHECK!$B$65:$J$860,9,0),"") | AZ19: =IFERROR(VLOOKUP($A$16&$D$5&$B19&$AY$4,TKB_LOP_CHECK!$B$65:$J$860,9,0),"") | BA19: =IFERROR(VLOOKUP($A$16&$C$5&$B19&$BA$4,TKB_LOP_CHECK!$B$65:$J$860,9,0),"") | BB19: =IFERROR(VLOOKUP($A$16&$D$5&$B19&$BA$4,TKB_LOP_CHECK!$B$65:$J$860,9,0),"") | BC19: =IFERROR(VLOOKUP($A$16&$C$5&$B19&$BC$4,TKB_LOP_CHECK!$B$65:$J$860,9,0),"") | BD19: =IFERROR(VLOOKUP($A$16&$D$5&$B19&$BC$4,TKB_LOP_CHECK!$B$65:$J$860,9,0),"") | BE19: =IFERROR(VLOOKUP($A$16&$C$5&$B19&$BE$4,TKB_LOP_CHECK!$B$65:$J$860,9,0),"") | BF19: =IFERROR(VLOOKUP($A$16&$D$5&$B19&$BE$4,TKB_LOP_CHECK!$B$65:$J$860,9,0),"") | BG19: =IFERROR(VLOOKUP($A$16&$C$5&$B19&$BG$4,TKB_LOP_CHECK!$B$65:$J$860,9,0),"") | BH19: =IFERROR(VLOOKUP($A$16&$D$5&$B19&$BG$4,TKB_LOP_CHECK!$B$65:$J$860,9,0),"") | BI19: =IFERROR(VLOOKUP($A$16&$C$5&$B19&$BI$4,TKB_LOP_CHECK!$B$65:$J$860,9,0),"") | BJ19: =IFERROR(VLOOKUP($A$16&$D$5&$B19&$BI$4,TKB_LOP_CHECK!$B$65:$J$860,9,0),"") | BK19: =IFERROR(VLOOKUP($A$16&$C$5&$B19&$BK$4,TKB_LOP_CHECK!$B$65:$J$860,9,0),"") | BL19: =IFERROR(VLOOKUP($A$16&$D$5&$B19&$BK$4,TKB_LOP_CHECK!$B$65:$J$860,9,0),"") | BM19: =IFERROR(VLOOKUP($A$16&$C$5&$B19&$BM$4,TKB_LOP_CHECK!$B$65:$J$860,9,0),"") | BN19: =IFERROR(VLOOKUP($A$16&$D$5&$B19&$BM$4,TKB_LOP_CHECK!$B$65:$J$860,9,0),"") | BO19: =IFERROR(VLOOKUP($A$16&$C$5&$B19&$BO$4,TKB_LOP_CHECK!$A$65:$J$860,10,0),"") | BP19: =IFERROR(VLOOKUP($A$16&$D$5&$B19&$BO$4,TKB_LOP_CHECK!$A$65:$J$860,10,0),"") | BQ19: =IFERROR(VLOOKUP($A$16&$C$5&$B19&$BQ$4,TKB_LOP_CHECK!$A$65:$J$860,10,0),"") -> GVNN -8A1 | BR19: =IFERROR(VLOOKUP($A$16&$D$5&$B19&$BQ$4,TKB_LOP_CHECK!$A$65:$J$860,10,0),"") -> GVNN -4C1 | BS19: =IFERROR(VLOOKUP($A$16&$C$5&$B19&$BS$4,TKB_LOP_CHECK!$A$65:$J$860,10,0),"") | BT19: =IFERROR(VLOOKUP($A$16&$D$5&$B19&$BS$4,TKB_LOP_CHECK!$A$65:$J$860,10,0),"") | BU19: =IFERROR(VLOOKUP($A$16&$C$5&$B19&$BU$4,TKB_LOP_CHECK!$A$65:$J$860,10,0),"") | BV19: =IFERROR(VLOOKUP($A$16&$D$5&$B19&$BU$4,TKB_LOP_CHECK!$A$65:$J$860,10,0),"")
B20: 5 | C20: =IFERROR(VLOOKUP($A$16&$C$5&$B20&$C$4,TKB_LOP_CHECK!$B$65:$J$860,9,0),"") -> GVNN -7A1 | D20: =IFERROR(VLOOKUP($A$16&$D$5&$B20&$C$4,TKB_LOP_CHECK!$B$65:$J$860,9,0),"") | E20: =IFERROR(VLOOKUP($A$16&$C$5&$B20&$E$4,TKB_LOP_CHECK!$B$65:$J$860,9,0),"") | F20: =IFERROR(VLOOKUP($A$16&$D$5&$B20&$E$4,TKB_LOP_CHECK!$B$65:$J$860,9,0),"") | G20: =IFERROR(VLOOKUP($A$16&$C$5&$B20&$G$4,TKB_LOP_CHECK!$B$65:$J$860,9,0),"") | H20: =IFERROR(VLOOKUP($A$16&$D$5&$B20&$G$4,TKB_LOP_CHECK!$B$65:$J$860,9,0),"") | I20: =IFERROR(VLOOKUP($A$16&$C$5&$B20&$I$4,TKB_LOP_CHECK!$B$65:$J$860,9,0),"") | J20: =IFERROR(VLOOKUP($A$16&$D$5&$B20&$I$4,TKB_LOP_CHECK!$B$65:$J$860,9,0),"") | K20: =IFERROR(VLOOKUP($A$16&$C$5&$B20&$K$4,TKB_LOP_CHECK!$B$65:$J$860,9,0),"") | L20: =IFERROR(VLOOKUP($A$16&$D$5&$B20&$K$4,TKB_LOP_CHECK!$B$65:$J$860,9,0),"") | M20: =IFERROR(VLOOKUP($A$16&$C$5&$B20&$M$4,TKB_LOP_CHECK!$B$65:$J$860,9,0),"") | N20: =IFERROR(VLOOKUP($A$16&$D$5&$B20&$M$4,TKB_LOP_CHECK!$B$65:$J$860,9,0),"") | O20: =IFERROR(VLOOKUP($A$16&$C$5&$B20&$O$4,TKB_LOP_CHECK!$B$65:$J$860,9,0),"") | P20: =IFERROR(VLOOKUP($A$16&$D$5&$B20&$O$4,TKB_LOP_CHECK!$B$65:$J$860,9,0),"") | Q20: =IFERROR(VLOOKUP($A$16&$C$5&$B20&$Q$4,TKB_LOP_CHECK!$B$65:$J$860,9,0),"") | R20: =IFERROR(VLOOKUP($A$16&$D$5&$B20&$Q$4,TKB_LOP_CHECK!$B$65:$J$860,9,0),"") | S20: =IFERROR(VLOOKUP($A$16&$C$5&$B20&$S$4,TKB_LOP_CHECK!$B$65:$J$860,9,0),"") | T20: =IFERROR(VLOOKUP($A$16&$D$5&$B20&$S$4,TKB_LOP_CHECK!$B$65:$J$860,9,0),"") | U20: =IFERROR(VLOOKUP($A$16&$C$5&$B20&$U$4,TKB_LOP_CHECK!$B$65:$J$860,9,0),"") -> Đọc sách -8A1 | V20: =IFERROR(VLOOKUP($A$16&$D$5&$B20&$U$4,TKB_LOP_CHECK!$B$65:$J$860,9,0),"") | W20: =IFERROR(VLOOKUP($A$16&$C$5&$B20&$W$4,TKB_LOP_CHECK!$B$65:$J$860,9,0),"") | X20: =IFERROR(VLOOKUP($A$16&$D$5&$B20&$W$4,TKB_LOP_CHECK!$B$65:$J$860,9,0),"") | Y20: =IFERROR(VLOOKUP($A$16&$C$5&$B20&$Y$4,TKB_LOP_CHECK!$B$65:$J$860,9,0),"") | Z20: =IFERROR(VLOOKUP($A$16&$D$5&$B20&$Y$4,TKB_LOP_CHECK!$B$65:$J$860,9,0),"") | AA20: =IFERROR(VLOOKUP($A$16&$C$5&$B20&$AA$4,TKB_LOP_CHECK!$B$65:$J$860,9,0),"") | AB20: =IFERROR(VLOOKUP($A$16&$D$5&$B20&$AA$4,TKB_LOP_CHECK!$B$65:$J$860,9,0),"") | AC20: =IFERROR(VLOOKUP($A$16&$C$5&$B20&$AC$4,TKB_LOP_CHECK!$B$65:$J$860,9,0),"") | AD20: =IFERROR(VLOOKUP($A$16&$D$5&$B20&$AC$4,TKB_LOP_CHECK!$B$65:$J$860,9,0),"") | AE20: =IFERROR(VLOOKUP($A$16&$C$5&$B20&$AE$4,TKB_LOP_CHECK!$B$65:$J$860,9,0),"") | AF20: =IFERROR(VLOOKUP($A$16&$D$5&$B20&$AE$4,TKB_LOP_CHECK!$B$65:$J$860,9,0),"") | AG20: =IFERROR(VLOOKUP($A$16&$C$5&$B20&$AG$4,TKB_LOP_CHECK!$B$65:$J$860,9,0),"") | AH20: =IFERROR(VLOOKUP($A$16&$D$5&$B20&$AG$4,TKB_LOP_CHECK!$B$65:$J$860,9,0),"") | AI20: =IFERROR(VLOOKUP($A$16&$C$5&$B20&$AI$4,TKB_LOP_CHECK!$B$65:$J$860,9,0),"") | AJ20: =IFERROR(VLOOKUP($A$16&$D$5&$B20&$AI$4,TKB_LOP_CHECK!$B$65:$J$860,9,0),"") | AK20: =IFERROR(VLOOKUP($A$16&$C$5&$B20&$AK$4,TKB_LOP_CHECK!$B$65:$J$860,9,0),"") -> Mĩ thuật -6A1 | AL20: =IFERROR(VLOOKUP($A$16&$D$5&$B20&$AK$4,TKB_LOP_CHECK!$B$65:$J$860,9,0),"") | AM20: =IFERROR(VLOOKUP($A$16&$C$5&$B20&$AM$4,TKB_LOP_CHECK!$B$65:$J$860,9,0),"") | AN20: =IFERROR(VLOOKUP($A$16&$D$5&$B20&$AM$4,TKB_LOP_CHECK!$B$65:$J$860,9,0),"") | AO20: =IFERROR(VLOOKUP($A$16&$C$5&$B20&$AO$4,TKB_LOP_CHECK!$B$65:$J$860,9,0),"") | AP20: =IFERROR(VLOOKUP($A$16&$D$5&$B20&$AO$4,TKB_LOP_CHECK!$B$65:$J$860,9,0),"") | AQ20: =IFERROR(VLOOKUP($A$16&$C$5&$B20&$AQ$4,TKB_LOP_CHECK!$B$65:$J$860,9,0),"") -> GVNN -7A1 | AR20: =IFERROR(VLOOKUP($A$16&$D$5&$B20&$AQ$4,TKB_LOP_CHECK!$B$65:$J$860,9,0),"") | AS20: =IFERROR(VLOOKUP($A$16&$C$5&$B20&$AS$4,TKB_LOP_CHECK!$B$65:$J$860,9,0),"") | AT20: =IFERROR(VLOOKUP($A$16&$D$5&$B20&$AS$4,TKB_LOP_CHECK!$B$65:$J$860,9,0),"") | AU20: =IFERROR(VLOOKUP($A$16&$C$5&$B20&$AU$4,TKB_LOP_CHECK!$B$65:$J$860,9,0),"") | AV20: =IFERROR(VLOOKUP($A$16&$D$5&$B20&$AU$4,TKB_LOP_CHECK!$B$65:$J$860,9,0),"") | AW20: =IFERROR(VLOOKUP($A$16&$C$5&$B20&$AW$4,TKB_LOP_CHECK!$B$65:$J$860,9,0),"") | AX20: =IFERROR(VLOOKUP($A$16&$D$5&$B20&$AW$4,TKB_LOP_CHECK!$B$65:$J$860,9,0),"") | AY20: =IFERROR(VLOOKUP($A$16&$C$5&$B20&$AY$4,TKB_LOP_CHECK!$B$65:$J$860,9,0),"") | AZ20: =IFERROR(VLOOKUP($A$16&$D$5&$B20&$AY$4,TKB_LOP_CHECK!$B$65:$J$860,9,0),"") | BA20: =IFERROR(VLOOKUP($A$16&$C$5&$B20&$BA$4,TKB_LOP_CHECK!$B$65:$J$860,9,0),"") | BB20: =IFERROR(VLOOKUP($A$16&$D$5&$B20&$BA$4,TKB_LOP_CHECK!$B$65:$J$860,9,0),"") | BC20: =IFERROR(VLOOKUP($A$16&$C$5&$B20&$BC$4,TKB_LOP_CHECK!$B$65:$J$860,9,0),"") | BD20: =IFERROR(VLOOKUP($A$16&$D$5&$B20&$BC$4,TKB_LOP_CHECK!$B$65:$J$860,9,0),"") | BE20: =IFERROR(VLOOKUP($A$16&$C$5&$B20&$BE$4,TKB_LOP_CHECK!$B$65:$J$860,9,0),"") | BF20: =IFERROR(VLOOKUP($A$16&$D$5&$B20&$BE$4,TKB_LOP_CHECK!$B$65:$J$860,9,0),"") | BG20: =IFERROR(VLOOKUP($A$16&$C$5&$B20&$BG$4,TKB_LOP_CHECK!$B$65:$J$860,9,0),"") | BH20: =IFERROR(VLOOKUP($A$16&$D$5&$B20&$BG$4,TKB_LOP_CHECK!$B$65:$J$860,9,0),"") | BI20: =IFERROR(VLOOKUP($A$16&$C$5&$B20&$BI$4,TKB_LOP_CHECK!$B$65:$J$860,9,0),"") | BJ20: =IFERROR(VLOOKUP($A$16&$D$5&$B20&$BI$4,TKB_LOP_CHECK!$B$65:$J$860,9,0),"") | BK20: =IFERROR(VLOOKUP($A$16&$C$5&$B20&$BK$4,TKB_LOP_CHECK!$B$65:$J$860,9,0),"") | BL20: =IFERROR(VLOOKUP($A$16&$D$5&$B20&$BK$4,TKB_LOP_CHECK!$B$65:$J$860,9,0),"") | BM20: =IFERROR(VLOOKUP($A$16&$C$5&$B20&$BM$4,TKB_LOP_CHECK!$B$65:$J$860,9,0),"") | BN20: =IFERROR(VLOOKUP($A$16&$D$5&$B20&$BM$4,TKB_LOP_CHECK!$B$65:$J$860,9,0),"") | BO20: =IFERROR(VLOOKUP($A$16&$C$5&$B20&$BO$4,TKB_LOP_CHECK!$A$65:$J$860,10,0),"") | BP20: =IFERROR(VLOOKUP($A$16&$D$5&$B20&$BO$4,TKB_LOP_CHECK!$A$65:$J$860,10,0),"") | BQ20: =IFERROR(VLOOKUP($A$16&$C$5&$B20&$BQ$4,TKB_LOP_CHECK!$A$65:$J$860,10,0),"") -> GVNN -7A1 | BR20: =IFERROR(VLOOKUP($A$16&$D$5&$B20&$BQ$4,TKB_LOP_CHECK!$A$65:$J$860,10,0),"") | BS20: =IFERROR(VLOOKUP($A$16&$C$5&$B20&$BS$4,TKB_LOP_CHECK!$A$65:$J$860,10,0),"") | BT20: =IFERROR(VLOOKUP($A$16&$D$5&$B20&$BS$4,TKB_LOP_CHECK!$A$65:$J$860,10,0),"") | BU20: =IFERROR(VLOOKUP($A$16&$C$5&$B20&$BU$4,TKB_LOP_CHECK!$A$65:$J$860,10,0),"") | BV20: =IFERROR(VLOOKUP($A$16&$D$5&$B20&$BU$4,TKB_LOP_CHECK!$A$65:$J$860,10,0),"")
A21: 5 | B21: 1 | C21: =IFERROR(VLOOKUP($A$21&$C$5&$B21&$C$4,TKB_LOP_CHECK!$B$65:$J$860,9,0),"") -> GVNN -7A1 | D21: =IFERROR(VLOOKUP($A$21&$D$5&$B21&$C$4,TKB_LOP_CHECK!$B$65:$J$860,9,0),"") -> GVVN -7A1 | E21: =IFERROR(VLOOKUP($A$21&$C$5&$B21&$E$4,TKB_LOP_CHECK!$B$65:$J$860,9,0),"") | F21: =IFERROR(VLOOKUP($A$21&$D$5&$B21&$E$4,TKB_LOP_CHECK!$B$65:$J$860,9,0),"") | G21: =IFERROR(VLOOKUP($A$21&$C$5&$B21&$G$4,TKB_LOP_CHECK!$B$65:$J$860,9,0),"") -> GVVN -8A1 | H21: =IFERROR(VLOOKUP($A$21&$D$5&$B21&$G$4,TKB_LOP_CHECK!$B$65:$J$860,9,0),"") | I21: =IFERROR(VLOOKUP($A$21&$C$5&$B21&$I$4,TKB_LOP_CHECK!$B$65:$J$860,9,0),"") | J21: =IFERROR(VLOOKUP($A$21&$D$5&$B21&$I$4,TKB_LOP_CHECK!$B$65:$J$860,9,0),"") -> Toán -2C1 | K21: =IFERROR(VLOOKUP($A$21&$C$5&$B21&$K$4,TKB_LOP_CHECK!$B$65:$J$860,9,0),"") | L21: =IFERROR(VLOOKUP($A$21&$D$5&$B21&$K$4,TKB_LOP_CHECK!$B$65:$J$860,9,0),"") -> Toán -2C1 | M21: =IFERROR(VLOOKUP($A$21&$C$5&$B21&$M$4,TKB_LOP_CHECK!$B$65:$J$860,9,0),"") -> GVNN -1A1 | N21: =IFERROR(VLOOKUP($A$21&$D$5&$B21&$M$4,TKB_LOP_CHECK!$B$65:$J$860,9,0),"") -> GVNN -1A1 | O21: =IFERROR(VLOOKUP($A$21&$C$5&$B21&$O$4,TKB_LOP_CHECK!$B$65:$J$860,9,0),"") -> TViệt -TTH1 | P21: =IFERROR(VLOOKUP($A$21&$D$5&$B21&$O$4,TKB_LOP_CHECK!$B$65:$J$860,9,0),"") -> HĐ tự chọn -TTH1 | Q21: =IFERROR(VLOOKUP($A$21&$C$5&$B21&$Q$4,TKB_LOP_CHECK!$B$65:$J$860,9,0),"") -> GDTC -5C1 | R21: =IFERROR(VLOOKUP($A$21&$D$5&$B21&$Q$4,TKB_LOP_CHECK!$B$65:$J$860,9,0),"") | S21: =IFERROR(VLOOKUP($A$21&$C$5&$B21&$S$4,TKB_LOP_CHECK!$B$65:$J$860,9,0),"") -> GVVN -8A1 | T21: =IFERROR(VLOOKUP($A$21&$D$5&$B21&$S$4,TKB_LOP_CHECK!$B$65:$J$860,9,0),"") | U21: =IFERROR(VLOOKUP($A$21&$C$5&$B21&$U$4,TKB_LOP_CHECK!$B$65:$J$860,9,0),"") | V21: =IFERROR(VLOOKUP($A$21&$D$5&$B21&$U$4,TKB_LOP_CHECK!$B$65:$J$860,9,0),"") | W21: =IFERROR(VLOOKUP($A$21&$C$5&$B21&$W$4,TKB_LOP_CHECK!$B$65:$J$860,9,0),"") | X21: =IFERROR(VLOOKUP($A$21&$D$5&$B21&$W$4,TKB_LOP_CHECK!$B$65:$J$860,9,0),"") | Y21: =IFERROR(VLOOKUP($A$21&$C$5&$B21&$Y$4,TKB_LOP_CHECK!$B$65:$J$860,9,0),"") -> Toán -3A1 | Z21: =IFERROR(VLOOKUP($A$21&$D$5&$B21&$Y$4,TKB_LOP_CHECK!$B$65:$J$860,9,0),"") | AA21: =IFERROR(VLOOKUP($A$21&$C$5&$B21&$AA$4,TKB_LOP_CHECK!$B$65:$J$860,9,0),"") -> GVNN -1A1 | AB21: =IFERROR(VLOOKUP($A$21&$D$5&$B21&$AA$4,TKB_LOP_CHECK!$B$65:$J$860,9,0),"") -> GVNN -1A1 | AC21: =IFERROR(VLOOKUP($A$21&$C$5&$B21&$AC$4,TKB_LOP_CHECK!$B$65:$J$860,9,0),"") | AD21: =IFERROR(VLOOKUP($A$21&$D$5&$B21&$AC$4,TKB_LOP_CHECK!$B$65:$J$860,9,0),"") | AE21: =IFERROR(VLOOKUP($A$21&$C$5&$B21&$AE$4,TKB_LOP_CHECK!$B$65:$J$860,9,0),"") -> GVNN -3C1 | AF21: =IFERROR(VLOOKUP($A$21&$D$5&$B21&$AE$4,TKB_LOP_CHECK!$B$65:$J$860,9,0),"") -> GVNN -5C1 | AG21: =IFERROR(VLOOKUP($A$21&$C$5&$B21&$AG$4,TKB_LOP_CHECK!$B$65:$J$860,9,0),"") -> GVNN -1A1 | AH21: =IFERROR(VLOOKUP($A$21&$D$5&$B21&$AG$4,TKB_LOP_CHECK!$B$65:$J$860,9,0),"") -> GVNN -1A1 | AI21: =IFERROR(VLOOKUP($A$21&$C$5&$B21&$AI$4,TKB_LOP_CHECK!$B$65:$J$860,9,0),"") -> KHTN -6A1 | AJ21: =IFERROR(VLOOKUP($A$21&$D$5&$B21&$AI$4,TKB_LOP_CHECK!$B$65:$J$860,9,0),"") -> KHTN -8A1 | AK21: =IFERROR(VLOOKUP($A$21&$C$5&$B21&$AK$4,TKB_LOP_CHECK!$B$65:$J$860,9,0),"") | AL21: =IFERROR(VLOOKUP($A$21&$D$5&$B21&$AK$4,TKB_LOP_CHECK!$B$65:$J$860,9,0),"") | AM21: =IFERROR(VLOOKUP($A$21&$C$5&$B21&$AM$4,TKB_LOP_CHECK!$B$65:$J$860,9,0),"") | AN21: =IFERROR(VLOOKUP($A$21&$D$5&$B21&$AM$4,TKB_LOP_CHECK!$B$65:$J$860,9,0),"") -> TViệt -3C1 | AO21: =IFERROR(VLOOKUP($A$21&$C$5&$B21&$AO$4,TKB_LOP_CHECK!$B$65:$J$860,9,0),"") | AP21: =IFERROR(VLOOKUP($A$21&$D$5&$B21&$AO$4,TKB_LOP_CHECK!$B$65:$J$860,9,0),"") -> Viết sáng tạo -2A1 | AQ21: =IFERROR(VLOOKUP($A$21&$C$5&$B21&$AQ$4,TKB_LOP_CHECK!$B$65:$J$860,9,0),"") -> GVNN -7A1 | AR21: =IFERROR(VLOOKUP($A$21&$D$5&$B21&$AQ$4,TKB_LOP_CHECK!$B$65:$J$860,9,0),"") -> GVVN -7A1 | AS21: =IFERROR(VLOOKUP($A$21&$C$5&$B21&$AS$4,TKB_LOP_CHECK!$B$65:$J$860,9,0),"") | AT21: =IFERROR(VLOOKUP($A$21&$D$5&$B21&$AS$4,TKB_LOP_CHECK!$B$65:$J$860,9,0),"") -> Toán -2C1 | AU21: =IFERROR(VLOOKUP($A$21&$C$5&$B21&$AU$4,TKB_LOP_CHECK!$B$65:$J$860,9,0),"") | AV21: =IFERROR(VLOOKUP($A$21&$D$5&$B21&$AU$4,TKB_LOP_CHECK!$B$65:$J$860,9,0),"") | AW21: =IFERROR(VLOOKUP($A$21&$C$5&$B21&$AW$4,TKB_LOP_CHECK!$B$65:$J$860,9,0),"") | AX21: =IFERROR(VLOOKUP($A$21&$D$5&$B21&$AW$4,TKB_LOP_CHECK!$B$65:$J$860,9,0),"") | AY21: =IFERROR(VLOOKUP($A$21&$C$5&$B21&$AY$4,TKB_LOP_CHECK!$B$65:$J$860,9,0),"") | AZ21: =IFERROR(VLOOKUP($A$21&$D$5&$B21&$AY$4,TKB_LOP_CHECK!$B$65:$J$860,9,0),"") | BA21: =IFERROR(VLOOKUP($A$21&$C$5&$B21&$BA$4,TKB_LOP_CHECK!$B$65:$J$860,9,0),"") | BB21: =IFERROR(VLOOKUP($A$21&$D$5&$B21&$BA$4,TKB_LOP_CHECK!$B$65:$J$860,9,0),"") | BC21: =IFERROR(VLOOKUP($A$21&$C$5&$B21&$BC$4,TKB_LOP_CHECK!$B$65:$J$860,9,0),"") | BD21: =IFERROR(VLOOKUP($A$21&$D$5&$B21&$BC$4,TKB_LOP_CHECK!$B$65:$J$860,9,0),"") | BE21: =IFERROR(VLOOKUP($A$21&$C$5&$B21&$BE$4,TKB_LOP_CHECK!$B$65:$J$860,9,0),"") | BF21: =IFERROR(VLOOKUP($A$21&$D$5&$B21&$BE$4,TKB_LOP_CHECK!$B$65:$J$860,9,0),"") | BG21: =IFERROR(VLOOKUP($A$21&$C$5&$B21&$BG$4,TKB_LOP_CHECK!$B$65:$J$860,9,0),"") | BH21: =IFERROR(VLOOKUP($A$21&$D$5&$B21&$BG$4,TKB_LOP_CHECK!$B$65:$J$860,9,0),"") | BI21: =IFERROR(VLOOKUP($A$21&$C$5&$B21&$BI$4,TKB_LOP_CHECK!$B$65:$J$860,9,0),"") | BJ21: =IFERROR(VLOOKUP($A$21&$D$5&$B21&$BI$4,TKB_LOP_CHECK!$B$65:$J$860,9,0),"") | BK21: =IFERROR(VLOOKUP($A$21&$C$5&$B21&$BK$4,TKB_LOP_CHECK!$B$65:$J$860,9,0),"") | BL21: =IFERROR(VLOOKUP($A$21&$D$5&$B21&$BK$4,TKB_LOP_CHECK!$B$65:$J$860,9,0),"") | BM21: =IFERROR(VLOOKUP($A$21&$C$5&$B21&$BM$4,TKB_LOP_CHECK!$B$65:$J$860,9,0),"") | BN21: =IFERROR(VLOOKUP($A$21&$D$5&$B21&$BM$4,TKB_LOP_CHECK!$B$65:$J$860,9,0),"") | BO21: =IFERROR(VLOOKUP($A$21&$C$5&$B21&$BO$4,TKB_LOP_CHECK!$A$65:$J$860,10,0),"") | BP21: =IFERROR(VLOOKUP($A$21&$D$5&$B21&$BO$4,TKB_LOP_CHECK!$A$65:$J$860,10,0),"") | BQ21: =IFERROR(VLOOKUP($A$21&$C$5&$B21&$BQ$4,TKB_LOP_CHECK!$A$65:$J$860,10,0),"") -> GVNN -3C1 | BR21: =IFERROR(VLOOKUP($A$21&$D$5&$B21&$BQ$4,TKB_LOP_CHECK!$A$65:$J$860,10,0),"") -> GVNN -5C1 | BS21: =IFERROR(VLOOKUP($A$21&$C$5&$B21&$BS$4,TKB_LOP_CHECK!$A$65:$J$860,10,0),"") | BT21: =IFERROR(VLOOKUP($A$21&$D$5&$B21&$BS$4,TKB_LOP_CHECK!$A$65:$J$860,10,0),"") | BU21: =IFERROR(VLOOKUP($A$21&$C$5&$B21&$BU$4,TKB_LOP_CHECK!$A$65:$J$860,10,0),"") | BV21: =IFERROR(VLOOKUP($A$21&$D$5&$B21&$BU$4,TKB_LOP_CHECK!$A$65:$J$860,10,0),"")
B22: 2 | C22: =IFERROR(VLOOKUP($A$21&$C$5&$B22&$C$4,TKB_LOP_CHECK!$B$65:$J$860,9,0),"") | D22: =IFERROR(VLOOKUP($A$21&$D$5&$B22&$C$4,TKB_LOP_CHECK!$B$65:$J$860,9,0),"") -> GVVN -6A1 | E22: =IFERROR(VLOOKUP($A$21&$C$5&$B22&$E$4,TKB_LOP_CHECK!$B$65:$J$860,9,0),"") | F22: =IFERROR(VLOOKUP($A$21&$D$5&$B22&$E$4,TKB_LOP_CHECK!$B$65:$J$860,9,0),"") | G22: =IFERROR(VLOOKUP($A$21&$C$5&$B22&$G$4,TKB_LOP_CHECK!$B$65:$J$860,9,0),"") -> Science -4C1 | H22: =IFERROR(VLOOKUP($A$21&$D$5&$B22&$G$4,TKB_LOP_CHECK!$B$65:$J$860,9,0),"") -> GVNN -4C1 | I22: =IFERROR(VLOOKUP($A$21&$C$5&$B22&$I$4,TKB_LOP_CHECK!$B$65:$J$860,9,0),"") -> Toán -2C1 | J22: =IFERROR(VLOOKUP($A$21&$D$5&$B22&$I$4,TKB_LOP_CHECK!$B$65:$J$860,9,0),"") | K22: =IFERROR(VLOOKUP($A$21&$C$5&$B22&$K$4,TKB_LOP_CHECK!$B$65:$J$860,9,0),"") -> Toán -2C1 | L22: =IFERROR(VLOOKUP($A$21&$D$5&$B22&$K$4,TKB_LOP_CHECK!$B$65:$J$860,9,0),"") | M22: =IFERROR(VLOOKUP($A$21&$C$5&$B22&$M$4,TKB_LOP_CHECK!$B$65:$J$860,9,0),"") -> GVNN -2A1 | N22: =IFERROR(VLOOKUP($A$21&$D$5&$B22&$M$4,TKB_LOP_CHECK!$B$65:$J$860,9,0),"") -> GVVN -TTH2 | O22: =IFERROR(VLOOKUP($A$21&$C$5&$B22&$O$4,TKB_LOP_CHECK!$B$65:$J$860,9,0),"") -> Vận động theo nhạc -TTH1 | P22: =IFERROR(VLOOKUP($A$21&$D$5&$B22&$O$4,TKB_LOP_CHECK!$B$65:$J$860,9,0),"") | Q22: =IFERROR(VLOOKUP($A$21&$C$5&$B22&$Q$4,TKB_LOP_CHECK!$B$65:$J$860,9,0),"") -> GDTC -5C1 | R22: =IFERROR(VLOOKUP($A$21&$D$5&$B22&$Q$4,TKB_LOP_CHECK!$B$65:$J$860,9,0),"") | S22: =IFERROR(VLOOKUP($A$21&$C$5&$B22&$S$4,TKB_LOP_CHECK!$B$65:$J$860,9,0),"") -> Science -4C1 | T22: =IFERROR(VLOOKUP($A$21&$D$5&$B22&$S$4,TKB_LOP_CHECK!$B$65:$J$860,9,0),"") -> GVNN -4C1 | U22: =IFERROR(VLOOKUP($A$21&$C$5&$B22&$U$4,TKB_LOP_CHECK!$B$65:$J$860,9,0),"") | V22: =IFERROR(VLOOKUP($A$21&$D$5&$B22&$U$4,TKB_LOP_CHECK!$B$65:$J$860,9,0),"") | W22: =IFERROR(VLOOKUP($A$21&$C$5&$B22&$W$4,TKB_LOP_CHECK!$B$65:$J$860,9,0),"") | X22: =IFERROR(VLOOKUP($A$21&$D$5&$B22&$W$4,TKB_LOP_CHECK!$B$65:$J$860,9,0),"") | Y22: =IFERROR(VLOOKUP($A$21&$C$5&$B22&$Y$4,TKB_LOP_CHECK!$B$65:$J$860,9,0),"") -> TViệt -3A1 | Z22: =IFERROR(VLOOKUP($A$21&$D$5&$B22&$Y$4,TKB_LOP_CHECK!$B$65:$J$860,9,0),"") -> Toán -3A1 | AA22: =IFERROR(VLOOKUP($A$21&$C$5&$B22&$AA$4,TKB_LOP_CHECK!$B$65:$J$860,9,0),"") -> GVNN -2A1 | AB22: =IFERROR(VLOOKUP($A$21&$D$5&$B22&$AA$4,TKB_LOP_CHECK!$B$65:$J$860,9,0),"") -> GVVN -TTH2 | AC22: =IFERROR(VLOOKUP($A$21&$C$5&$B22&$AC$4,TKB_LOP_CHECK!$B$65:$J$860,9,0),"") | AD22: =IFERROR(VLOOKUP($A$21&$D$5&$B22&$AC$4,TKB_LOP_CHECK!$B$65:$J$860,9,0),"") | AE22: =IFERROR(VLOOKUP($A$21&$C$5&$B22&$AE$4,TKB_LOP_CHECK!$B$65:$J$860,9,0),"") | AF22: =IFERROR(VLOOKUP($A$21&$D$5&$B22&$AE$4,TKB_LOP_CHECK!$B$65:$J$860,9,0),"") -> GVVN -3C1 | AG22: =IFERROR(VLOOKUP($A$21&$C$5&$B22&$AG$4,TKB_LOP_CHECK!$B$65:$J$860,9,0),"") -> GVNN -2A1 | AH22: =IFERROR(VLOOKUP($A$21&$D$5&$B22&$AG$4,TKB_LOP_CHECK!$B$65:$J$860,9,0),"") -> GVVN -TTH2 | AI22: =IFERROR(VLOOKUP($A$21&$C$5&$B22&$AI$4,TKB_LOP_CHECK!$B$65:$J$860,9,0),"") -> KHTN -6A1 | AJ22: =IFERROR(VLOOKUP($A$21&$D$5&$B22&$AI$4,TKB_LOP_CHECK!$B$65:$J$860,9,0),"") -> KHTN -8A1 | AK22: =IFERROR(VLOOKUP($A$21&$C$5&$B22&$AK$4,TKB_LOP_CHECK!$B$65:$J$860,9,0),"") | AL22: =IFERROR(VLOOKUP($A$21&$D$5&$B22&$AK$4,TKB_LOP_CHECK!$B$65:$J$860,9,0),"") | AM22: =IFERROR(VLOOKUP($A$21&$C$5&$B22&$AM$4,TKB_LOP_CHECK!$B$65:$J$860,9,0),"") | AN22: =IFERROR(VLOOKUP($A$21&$D$5&$B22&$AM$4,TKB_LOP_CHECK!$B$65:$J$860,9,0),"") | AO22: =IFERROR(VLOOKUP($A$21&$C$5&$B22&$AO$4,TKB_LOP_CHECK!$B$65:$J$860,9,0),"") | AP22: =IFERROR(VLOOKUP($A$21&$D$5&$B22&$AO$4,TKB_LOP_CHECK!$B$65:$J$860,9,0),"") -> Đạo đức -5C1 | AQ22: =IFERROR(VLOOKUP($A$21&$C$5&$B22&$AQ$4,TKB_LOP_CHECK!$B$65:$J$860,9,0),"") | AR22: =IFERROR(VLOOKUP($A$21&$D$5&$B22&$AQ$4,TKB_LOP_CHECK!$B$65:$J$860,9,0),"") -> GVVN -6A1 | AS22: =IFERROR(VLOOKUP($A$21&$C$5&$B22&$AS$4,TKB_LOP_CHECK!$B$65:$J$860,9,0),"") -> Toán -2C1 | AT22: =IFERROR(VLOOKUP($A$21&$D$5&$B22&$AS$4,TKB_LOP_CHECK!$B$65:$J$860,9,0),"") | AU22: =IFERROR(VLOOKUP($A$21&$C$5&$B22&$AU$4,TKB_LOP_CHECK!$B$65:$J$860,9,0),"") | AV22: =IFERROR(VLOOKUP($A$21&$D$5&$B22&$AU$4,TKB_LOP_CHECK!$B$65:$J$860,9,0),"") | AW22: =IFERROR(VLOOKUP($A$21&$C$5&$B22&$AW$4,TKB_LOP_CHECK!$B$65:$J$860,9,0),"") | AX22: =IFERROR(VLOOKUP($A$21&$D$5&$B22&$AW$4,TKB_LOP_CHECK!$B$65:$J$860,9,0),"") | AY22: =IFERROR(VLOOKUP($A$21&$C$5&$B22&$AY$4,TKB_LOP_CHECK!$B$65:$J$860,9,0),"") | AZ22: =IFERROR(VLOOKUP($A$21&$D$5&$B22&$AY$4,TKB_LOP_CHECK!$B$65:$J$860,9,0),"") | BA22: =IFERROR(VLOOKUP($A$21&$C$5&$B22&$BA$4,TKB_LOP_CHECK!$B$65:$J$860,9,0),"") | BB22: =IFERROR(VLOOKUP($A$21&$D$5&$B22&$BA$4,TKB_LOP_CHECK!$B$65:$J$860,9,0),"") | BC22: =IFERROR(VLOOKUP($A$21&$C$5&$B22&$BC$4,TKB_LOP_CHECK!$B$65:$J$860,9,0),"") | BD22: =IFERROR(VLOOKUP($A$21&$D$5&$B22&$BC$4,TKB_LOP_CHECK!$B$65:$J$860,9,0),"") | BE22: =IFERROR(VLOOKUP($A$21&$C$5&$B22&$BE$4,TKB_LOP_CHECK!$B$65:$J$860,9,0),"") | BF22: =IFERROR(VLOOKUP($A$21&$D$5&$B22&$BE$4,TKB_LOP_CHECK!$B$65:$J$860,9,0),"") | BG22: =IFERROR(VLOOKUP($A$21&$C$5&$B22&$BG$4,TKB_LOP_CHECK!$B$65:$J$860,9,0),"") | BH22: =IFERROR(VLOOKUP($A$21&$D$5&$B22&$BG$4,TKB_LOP_CHECK!$B$65:$J$860,9,0),"") | BI22: =IFERROR(VLOOKUP($A$21&$C$5&$B22&$BI$4,TKB_LOP_CHECK!$B$65:$J$860,9,0),"") | BJ22: =IFERROR(VLOOKUP($A$21&$D$5&$B22&$BI$4,TKB_LOP_CHECK!$B$65:$J$860,9,0),"") | BK22: =IFERROR(VLOOKUP($A$21&$C$5&$B22&$BK$4,TKB_LOP_CHECK!$B$65:$J$860,9,0),"") | BL22: =IFERROR(VLOOKUP($A$21&$D$5&$B22&$BK$4,TKB_LOP_CHECK!$B$65:$J$860,9,0),"") | BM22: =IFERROR(VLOOKUP($A$21&$C$5&$B22&$BM$4,TKB_LOP_CHECK!$B$65:$J$860,9,0),"") | BN22: =IFERROR(VLOOKUP($A$21&$D$5&$B22&$BM$4,TKB_LOP_CHECK!$B$65:$J$860,9,0),"") | BO22: =IFERROR(VLOOKUP($A$21&$C$5&$B22&$BO$4,TKB_LOP_CHECK!$A$65:$J$860,10,0),"") | BP22: =IFERROR(VLOOKUP($A$21&$D$5&$B22&$BO$4,TKB_LOP_CHECK!$A$65:$J$860,10,0),"") | BQ22: =IFERROR(VLOOKUP($A$21&$C$5&$B22&$BQ$4,TKB_LOP_CHECK!$A$65:$J$860,10,0),"") -> GVNN -1C1 | BR22: =IFERROR(VLOOKUP($A$21&$D$5&$B22&$BQ$4,TKB_LOP_CHECK!$A$65:$J$860,10,0),"") -> GVNN -4C1 | BS22: =IFERROR(VLOOKUP($A$21&$C$5&$B22&$BS$4,TKB_LOP_CHECK!$A$65:$J$860,10,0),"") | BT22: =IFERROR(VLOOKUP($A$21&$D$5&$B22&$BS$4,TKB_LOP_CHECK!$A$65:$J$860,10,0),"") | BU22: =IFERROR(VLOOKUP($A$21&$C$5&$B22&$BU$4,TKB_LOP_CHECK!$A$65:$J$860,10,0),"") | BV22: =IFERROR(VLOOKUP($A$21&$D$5&$B22&$BU$4,TKB_LOP_CHECK!$A$65:$J$860,10,0),"")
B23: 3 | C23: =IFERROR(VLOOKUP($A$21&$C$5&$B23&$C$4,TKB_LOP_CHECK!$B$65:$J$860,9,0),"") | D23: =IFERROR(VLOOKUP($A$21&$D$5&$B23&$C$4,TKB_LOP_CHECK!$B$65:$J$860,9,0),"") -> GVNN -6A1 | E23: =IFERROR(VLOOKUP($A$21&$C$5&$B23&$E$4,TKB_LOP_CHECK!$B$65:$J$860,9,0),"") | F23: =IFERROR(VLOOKUP($A$21&$D$5&$B23&$E$4,TKB_LOP_CHECK!$B$65:$J$860,9,0),"") | G23: =IFERROR(VLOOKUP($A$21&$C$5&$B23&$G$4,TKB_LOP_CHECK!$B$65:$J$860,9,0),"") | H23: =IFERROR(VLOOKUP($A$21&$D$5&$B23&$G$4,TKB_LOP_CHECK!$B$65:$J$860,9,0),"") -> GVVN -8A1 | I23: =IFERROR(VLOOKUP($A$21&$C$5&$B23&$I$4,TKB_LOP_CHECK!$B$65:$J$860,9,0),"") -> Toán -3C1 | J23: =IFERROR(VLOOKUP($A$21&$D$5&$B23&$I$4,TKB_LOP_CHECK!$B$65:$J$860,9,0),"") -> Toán -3C1 | K23: =IFERROR(VLOOKUP($A$21&$C$5&$B23&$K$4,TKB_LOP_CHECK!$B$65:$J$860,9,0),"") -> Toán -3C1 | L23: =IFERROR(VLOOKUP($A$21&$D$5&$B23&$K$4,TKB_LOP_CHECK!$B$65:$J$860,9,0),"") -> Toán -3C1 | M23: =IFERROR(VLOOKUP($A$21&$C$5&$B23&$M$4,TKB_LOP_CHECK!$B$65:$J$860,9,0),"") -> GVVN -TTH2 | N23: =IFERROR(VLOOKUP($A$21&$D$5&$B23&$M$4,TKB_LOP_CHECK!$B$65:$J$860,9,0),"") | O23: =IFERROR(VLOOKUP($A$21&$C$5&$B23&$O$4,TKB_LOP_CHECK!$B$65:$J$860,9,0),"") -> TViệt -TTH1 | P23: =IFERROR(VLOOKUP($A$21&$D$5&$B23&$O$4,TKB_LOP_CHECK!$B$65:$J$860,9,0),"") | Q23: =IFERROR(VLOOKUP($A$21&$C$5&$B23&$Q$4,TKB_LOP_CHECK!$B$65:$J$860,9,0),"") -> GDTC -1A1 | R23: =IFERROR(VLOOKUP($A$21&$D$5&$B23&$Q$4,TKB_LOP_CHECK!$B$65:$J$860,9,0),"") -> GDTC -4C1 | S23: =IFERROR(VLOOKUP($A$21&$C$5&$B23&$S$4,TKB_LOP_CHECK!$B$65:$J$860,9,0),"") | T23: =IFERROR(VLOOKUP($A$21&$D$5&$B23&$S$4,TKB_LOP_CHECK!$B$65:$J$860,9,0),"") -> GVVN -8A1 | U23: =IFERROR(VLOOKUP($A$21&$C$5&$B23&$U$4,TKB_LOP_CHECK!$B$65:$J$860,9,0),"") -> Văn -8A1 | V23: =IFERROR(VLOOKUP($A$21&$D$5&$B23&$U$4,TKB_LOP_CHECK!$B$65:$J$860,9,0),"") -> Văn -7A1 | W23: =IFERROR(VLOOKUP($A$21&$C$5&$B23&$W$4,TKB_LOP_CHECK!$B$65:$J$860,9,0),"") | X23: =IFERROR(VLOOKUP($A$21&$D$5&$B23&$W$4,TKB_LOP_CHECK!$B$65:$J$860,9,0),"") | Y23: =IFERROR(VLOOKUP($A$21&$C$5&$B23&$Y$4,TKB_LOP_CHECK!$B$65:$J$860,9,0),"") | Z23: =IFERROR(VLOOKUP($A$21&$D$5&$B23&$Y$4,TKB_LOP_CHECK!$B$65:$J$860,9,0),"") -> TViệt -5C1 | AA23: =IFERROR(VLOOKUP($A$21&$C$5&$B23&$AA$4,TKB_LOP_CHECK!$B$65:$J$860,9,0),"") -> GVVN -TTH2 | AB23: =IFERROR(VLOOKUP($A$21&$D$5&$B23&$AA$4,TKB_LOP_CHECK!$B$65:$J$860,9,0),"") | AC23: =IFERROR(VLOOKUP($A$21&$C$5&$B23&$AC$4,TKB_LOP_CHECK!$B$65:$J$860,9,0),"") | AD23: =IFERROR(VLOOKUP($A$21&$D$5&$B23&$AC$4,TKB_LOP_CHECK!$B$65:$J$860,9,0),"") | AE23: =IFERROR(VLOOKUP($A$21&$C$5&$B23&$AE$4,TKB_LOP_CHECK!$B$65:$J$860,9,0),"") -> GVVN -5C1 | AF23: =IFERROR(VLOOKUP($A$21&$D$5&$B23&$AE$4,TKB_LOP_CHECK!$B$65:$J$860,9,0),"") | AG23: =IFERROR(VLOOKUP($A$21&$C$5&$B23&$AG$4,TKB_LOP_CHECK!$B$65:$J$860,9,0),"") -> GVVN -TTH2 | AH23: =IFERROR(VLOOKUP($A$21&$D$5&$B23&$AG$4,TKB_LOP_CHECK!$B$65:$J$860,9,0),"") | AI23: =IFERROR(VLOOKUP($A$21&$C$5&$B23&$AI$4,TKB_LOP_CHECK!$B$65:$J$860,9,0),"") -> KHTN -7A1 | AJ23: =IFERROR(VLOOKUP($A$21&$D$5&$B23&$AI$4,TKB_LOP_CHECK!$B$65:$J$860,9,0),"") | AK23: =IFERROR(VLOOKUP($A$21&$C$5&$B23&$AK$4,TKB_LOP_CHECK!$B$65:$J$860,9,0),"") | AL23: =IFERROR(VLOOKUP($A$21&$D$5&$B23&$AK$4,TKB_LOP_CHECK!$B$65:$J$860,9,0),"") | AM23: =IFERROR(VLOOKUP($A$21&$C$5&$B23&$AM$4,TKB_LOP_CHECK!$B$65:$J$860,9,0),"") -> TViệt -4C1 | AN23: =IFERROR(VLOOKUP($A$21&$D$5&$B23&$AM$4,TKB_LOP_CHECK!$B$65:$J$860,9,0),"") | AO23: =IFERROR(VLOOKUP($A$21&$C$5&$B23&$AO$4,TKB_LOP_CHECK!$B$65:$J$860,9,0),"") | AP23: =IFERROR(VLOOKUP($A$21&$D$5&$B23&$AO$4,TKB_LOP_CHECK!$B$65:$J$860,9,0),"") -> TNXH -2C1 | AQ23: =IFERROR(VLOOKUP($A$21&$C$5&$B23&$AQ$4,TKB_LOP_CHECK!$B$65:$J$860,9,0),"") | AR23: =IFERROR(VLOOKUP($A$21&$D$5&$B23&$AQ$4,TKB_LOP_CHECK!$B$65:$J$860,9,0),"") -> GVNN -6A1 | AS23: =IFERROR(VLOOKUP($A$21&$C$5&$B23&$AS$4,TKB_LOP_CHECK!$B$65:$J$860,9,0),"") -> Toán -3C1 | AT23: =IFERROR(VLOOKUP($A$21&$D$5&$B23&$AS$4,TKB_LOP_CHECK!$B$65:$J$860,9,0),"") -> Toán -3C1 | AU23: =IFERROR(VLOOKUP($A$21&$C$5&$B23&$AU$4,TKB_LOP_CHECK!$B$65:$J$860,9,0),"") | AV23: =IFERROR(VLOOKUP($A$21&$D$5&$B23&$AU$4,TKB_LOP_CHECK!$B$65:$J$860,9,0),"") | AW23: =IFERROR(VLOOKUP($A$21&$C$5&$B23&$AW$4,TKB_LOP_CHECK!$B$65:$J$860,9,0),"") | AX23: =IFERROR(VLOOKUP($A$21&$D$5&$B23&$AW$4,TKB_LOP_CHECK!$B$65:$J$860,9,0),"") | AY23: =IFERROR(VLOOKUP($A$21&$C$5&$B23&$AY$4,TKB_LOP_CHECK!$B$65:$J$860,9,0),"") | AZ23: =IFERROR(VLOOKUP($A$21&$D$5&$B23&$AY$4,TKB_LOP_CHECK!$B$65:$J$860,9,0),"") | BA23: =IFERROR(VLOOKUP($A$21&$C$5&$B23&$BA$4,TKB_LOP_CHECK!$B$65:$J$860,9,0),"") | BB23: =IFERROR(VLOOKUP($A$21&$D$5&$B23&$BA$4,TKB_LOP_CHECK!$B$65:$J$860,9,0),"") | BC23: =IFERROR(VLOOKUP($A$21&$C$5&$B23&$BC$4,TKB_LOP_CHECK!$B$65:$J$860,9,0),"") | BD23: =IFERROR(VLOOKUP($A$21&$D$5&$B23&$BC$4,TKB_LOP_CHECK!$B$65:$J$860,9,0),"") | BE23: =IFERROR(VLOOKUP($A$21&$C$5&$B23&$BE$4,TKB_LOP_CHECK!$B$65:$J$860,9,0),"") | BF23: =IFERROR(VLOOKUP($A$21&$D$5&$B23&$BE$4,TKB_LOP_CHECK!$B$65:$J$860,9,0),"") | BG23: =IFERROR(VLOOKUP($A$21&$C$5&$B23&$BG$4,TKB_LOP_CHECK!$B$65:$J$860,9,0),"") | BH23: =IFERROR(VLOOKUP($A$21&$D$5&$B23&$BG$4,TKB_LOP_CHECK!$B$65:$J$860,9,0),"") | BI23: =IFERROR(VLOOKUP($A$21&$C$5&$B23&$BI$4,TKB_LOP_CHECK!$B$65:$J$860,9,0),"") | BJ23: =IFERROR(VLOOKUP($A$21&$D$5&$B23&$BI$4,TKB_LOP_CHECK!$B$65:$J$860,9,0),"") | BK23: =IFERROR(VLOOKUP($A$21&$C$5&$B23&$BK$4,TKB_LOP_CHECK!$B$65:$J$860,9,0),"") | BL23: =IFERROR(VLOOKUP($A$21&$D$5&$B23&$BK$4,TKB_LOP_CHECK!$B$65:$J$860,9,0),"") | BM23: =IFERROR(VLOOKUP($A$21&$C$5&$B23&$BM$4,TKB_LOP_CHECK!$B$65:$J$860,9,0),"") | BN23: =IFERROR(VLOOKUP($A$21&$D$5&$B23&$BM$4,TKB_LOP_CHECK!$B$65:$J$860,9,0),"") | BO23: =IFERROR(VLOOKUP($A$21&$C$5&$B23&$BO$4,TKB_LOP_CHECK!$A$65:$J$860,10,0),"") | BP23: =IFERROR(VLOOKUP($A$21&$D$5&$B23&$BO$4,TKB_LOP_CHECK!$A$65:$J$860,10,0),"") | BQ23: =IFERROR(VLOOKUP($A$21&$C$5&$B23&$BQ$4,TKB_LOP_CHECK!$A$65:$J$860,10,0),"") | BR23: =IFERROR(VLOOKUP($A$21&$D$5&$B23&$BQ$4,TKB_LOP_CHECK!$A$65:$J$860,10,0),"") -> GVNN -6A1 | BS23: =IFERROR(VLOOKUP($A$21&$C$5&$B23&$BS$4,TKB_LOP_CHECK!$A$65:$J$860,10,0),"") | BT23: =IFERROR(VLOOKUP($A$21&$D$5&$B23&$BS$4,TKB_LOP_CHECK!$A$65:$J$860,10,0),"") | BU23: =IFERROR(VLOOKUP($A$21&$C$5&$B23&$BU$4,TKB_LOP_CHECK!$A$65:$J$860,10,0),"") | BV23: =IFERROR(VLOOKUP($A$21&$D$5&$B23&$BU$4,TKB_LOP_CHECK!$A$65:$J$860,10,0),"")
B24: 4 | C24: =IFERROR(VLOOKUP($A$21&$C$5&$B24&$C$4,TKB_LOP_CHECK!$B$65:$J$860,9,0),"") | D24: =IFERROR(VLOOKUP($A$21&$D$5&$B24&$C$4,TKB_LOP_CHECK!$B$65:$J$860,9,0),"") | E24: =IFERROR(VLOOKUP($A$21&$C$5&$B24&$E$4,TKB_LOP_CHECK!$B$65:$J$860,9,0),"") | F24: =IFERROR(VLOOKUP($A$21&$D$5&$B24&$E$4,TKB_LOP_CHECK!$B$65:$J$860,9,0),"") | G24: =IFERROR(VLOOKUP($A$21&$C$5&$B24&$G$4,TKB_LOP_CHECK!$B$65:$J$860,9,0),"") -> GVVN -4C1 | H24: =IFERROR(VLOOKUP($A$21&$D$5&$B24&$G$4,TKB_LOP_CHECK!$B$65:$J$860,9,0),"") | I24: =IFERROR(VLOOKUP($A$21&$C$5&$B24&$I$4,TKB_LOP_CHECK!$B$65:$J$860,9,0),"") -> Toán -5C1 | J24: =IFERROR(VLOOKUP($A$21&$D$5&$B24&$I$4,TKB_LOP_CHECK!$B$65:$J$860,9,0),"") -> Toán -5C1 | K24: =IFERROR(VLOOKUP($A$21&$C$5&$B24&$K$4,TKB_LOP_CHECK!$B$65:$J$860,9,0),"") -> Toán -5C1 | L24: =IFERROR(VLOOKUP($A$21&$D$5&$B24&$K$4,TKB_LOP_CHECK!$B$65:$J$860,9,0),"") -> Toán -5C1 | M24: =IFERROR(VLOOKUP($A$21&$C$5&$B24&$M$4,TKB_LOP_CHECK!$B$65:$J$860,9,0),"") -> GVNN -2A1 | N24: =IFERROR(VLOOKUP($A$21&$D$5&$B24&$M$4,TKB_LOP_CHECK!$B$65:$J$860,9,0),"") | O24: =IFERROR(VLOOKUP($A$21&$C$5&$B24&$O$4,TKB_LOP_CHECK!$B$65:$J$860,9,0),"") | P24: =IFERROR(VLOOKUP($A$21&$D$5&$B24&$O$4,TKB_LOP_CHECK!$B$65:$J$860,9,0),"") | Q24: =IFERROR(VLOOKUP($A$21&$C$5&$B24&$Q$4,TKB_LOP_CHECK!$B$65:$J$860,9,0),"") -> GDTC -1A1 | R24: =IFERROR(VLOOKUP($A$21&$D$5&$B24&$Q$4,TKB_LOP_CHECK!$B$65:$J$860,9,0),"") -> GDTC -4C1 | S24: =IFERROR(VLOOKUP($A$21&$C$5&$B24&$S$4,TKB_LOP_CHECK!$B$65:$J$860,9,0),"") -> GVVN -4C1 | T24: =IFERROR(VLOOKUP($A$21&$D$5&$B24&$S$4,TKB_LOP_CHECK!$B$65:$J$860,9,0),"") | U24: =IFERROR(VLOOKUP($A$21&$C$5&$B24&$U$4,TKB_LOP_CHECK!$B$65:$J$860,9,0),"") -> Văn -8A1 | V24: =IFERROR(VLOOKUP($A$21&$D$5&$B24&$U$4,TKB_LOP_CHECK!$B$65:$J$860,9,0),"") -> Văn -7A1 | W24: =IFERROR(VLOOKUP($A$21&$C$5&$B24&$W$4,TKB_LOP_CHECK!$B$65:$J$860,9,0),"") | X24: =IFERROR(VLOOKUP($A$21&$D$5&$B24&$W$4,TKB_LOP_CHECK!$B$65:$J$860,9,0),"") | Y24: =IFERROR(VLOOKUP($A$21&$C$5&$B24&$Y$4,TKB_LOP_CHECK!$B$65:$J$860,9,0),"") | Z24: =IFERROR(VLOOKUP($A$21&$D$5&$B24&$Y$4,TKB_LOP_CHECK!$B$65:$J$860,9,0),"") | AA24: =IFERROR(VLOOKUP($A$21&$C$5&$B24&$AA$4,TKB_LOP_CHECK!$B$65:$J$860,9,0),"") -> GVNN -2A1 | AB24: =IFERROR(VLOOKUP($A$21&$D$5&$B24&$AA$4,TKB_LOP_CHECK!$B$65:$J$860,9,0),"") | AC24: =IFERROR(VLOOKUP($A$21&$C$5&$B24&$AC$4,TKB_LOP_CHECK!$B$65:$J$860,9,0),"") | AD24: =IFERROR(VLOOKUP($A$21&$D$5&$B24&$AC$4,TKB_LOP_CHECK!$B$65:$J$860,9,0),"") | AE24: =IFERROR(VLOOKUP($A$21&$C$5&$B24&$AE$4,TKB_LOP_CHECK!$B$65:$J$860,9,0),"") -> GVVN -3C1 | AF24: =IFERROR(VLOOKUP($A$21&$D$5&$B24&$AE$4,TKB_LOP_CHECK!$B$65:$J$860,9,0),"") -> Science -3C1 | AG24: =IFERROR(VLOOKUP($A$21&$C$5&$B24&$AG$4,TKB_LOP_CHECK!$B$65:$J$860,9,0),"") -> GVNN -2A1 | AH24: =IFERROR(VLOOKUP($A$21&$D$5&$B24&$AG$4,TKB_LOP_CHECK!$B$65:$J$860,9,0),"") | AI24: =IFERROR(VLOOKUP($A$21&$C$5&$B24&$AI$4,TKB_LOP_CHECK!$B$65:$J$860,9,0),"") -> KHTN -7A1 | AJ24: =IFERROR(VLOOKUP($A$21&$D$5&$B24&$AI$4,TKB_LOP_CHECK!$B$65:$J$860,9,0),"") | AK24: =IFERROR(VLOOKUP($A$21&$C$5&$B24&$AK$4,TKB_LOP_CHECK!$B$65:$J$860,9,0),"") | AL24: =IFERROR(VLOOKUP($A$21&$D$5&$B24&$AK$4,TKB_LOP_CHECK!$B$65:$J$860,9,0),"") | AM24: =IFERROR(VLOOKUP($A$21&$C$5&$B24&$AM$4,TKB_LOP_CHECK!$B$65:$J$860,9,0),"") | AN24: =IFERROR(VLOOKUP($A$21&$D$5&$B24&$AM$4,TKB_LOP_CHECK!$B$65:$J$860,9,0),"") | AO24: =IFERROR(VLOOKUP($A$21&$C$5&$B24&$AO$4,TKB_LOP_CHECK!$B$65:$J$860,9,0),"") -> Viết sáng tạo -3A1 | AP24: =IFERROR(VLOOKUP($A$21&$D$5&$B24&$AO$4,TKB_LOP_CHECK!$B$65:$J$860,9,0),"") -> Đọc sách -3A1 | AQ24: =IFERROR(VLOOKUP($A$21&$C$5&$B24&$AQ$4,TKB_LOP_CHECK!$B$65:$J$860,9,0),"") | AR24: =IFERROR(VLOOKUP($A$21&$D$5&$B24&$AQ$4,TKB_LOP_CHECK!$B$65:$J$860,9,0),"") | AS24: =IFERROR(VLOOKUP($A$21&$C$5&$B24&$AS$4,TKB_LOP_CHECK!$B$65:$J$860,9,0),"") -> Toán -5C1 | AT24: =IFERROR(VLOOKUP($A$21&$D$5&$B24&$AS$4,TKB_LOP_CHECK!$B$65:$J$860,9,0),"") -> Toán -5C1 | AU24: =IFERROR(VLOOKUP($A$21&$C$5&$B24&$AU$4,TKB_LOP_CHECK!$B$65:$J$860,9,0),"") | AV24: =IFERROR(VLOOKUP($A$21&$D$5&$B24&$AU$4,TKB_LOP_CHECK!$B$65:$J$860,9,0),"") | AW24: =IFERROR(VLOOKUP($A$21&$C$5&$B24&$AW$4,TKB_LOP_CHECK!$B$65:$J$860,9,0),"") | AX24: =IFERROR(VLOOKUP($A$21&$D$5&$B24&$AW$4,TKB_LOP_CHECK!$B$65:$J$860,9,0),"") | AY24: =IFERROR(VLOOKUP($A$21&$C$5&$B24&$AY$4,TKB_LOP_CHECK!$B$65:$J$860,9,0),"") | AZ24: =IFERROR(VLOOKUP($A$21&$D$5&$B24&$AY$4,TKB_LOP_CHECK!$B$65:$J$860,9,0),"") | BA24: =IFERROR(VLOOKUP($A$21&$C$5&$B24&$BA$4,TKB_LOP_CHECK!$B$65:$J$860,9,0),"") | BB24: =IFERROR(VLOOKUP($A$21&$D$5&$B24&$BA$4,TKB_LOP_CHECK!$B$65:$J$860,9,0),"") | BC24: =IFERROR(VLOOKUP($A$21&$C$5&$B24&$BC$4,TKB_LOP_CHECK!$B$65:$J$860,9,0),"") | BD24: =IFERROR(VLOOKUP($A$21&$D$5&$B24&$BC$4,TKB_LOP_CHECK!$B$65:$J$860,9,0),"") | BE24: =IFERROR(VLOOKUP($A$21&$C$5&$B24&$BE$4,TKB_LOP_CHECK!$B$65:$J$860,9,0),"") | BF24: =IFERROR(VLOOKUP($A$21&$D$5&$B24&$BE$4,TKB_LOP_CHECK!$B$65:$J$860,9,0),"") | BG24: =IFERROR(VLOOKUP($A$21&$C$5&$B24&$BG$4,TKB_LOP_CHECK!$B$65:$J$860,9,0),"") | BH24: =IFERROR(VLOOKUP($A$21&$D$5&$B24&$BG$4,TKB_LOP_CHECK!$B$65:$J$860,9,0),"") | BI24: =IFERROR(VLOOKUP($A$21&$C$5&$B24&$BI$4,TKB_LOP_CHECK!$B$65:$J$860,9,0),"") | BJ24: =IFERROR(VLOOKUP($A$21&$D$5&$B24&$BI$4,TKB_LOP_CHECK!$B$65:$J$860,9,0),"") | BK24: =IFERROR(VLOOKUP($A$21&$C$5&$B24&$BK$4,TKB_LOP_CHECK!$B$65:$J$860,9,0),"") | BL24: =IFERROR(VLOOKUP($A$21&$D$5&$B24&$BK$4,TKB_LOP_CHECK!$B$65:$J$860,9,0),"") | BM24: =IFERROR(VLOOKUP($A$21&$C$5&$B24&$BM$4,TKB_LOP_CHECK!$B$65:$J$860,9,0),"") | BN24: =IFERROR(VLOOKUP($A$21&$D$5&$B24&$BM$4,TKB_LOP_CHECK!$B$65:$J$860,9,0),"") | BO24: =IFERROR(VLOOKUP($A$21&$C$5&$B24&$BO$4,TKB_LOP_CHECK!$A$65:$J$860,10,0),"") | BP24: =IFERROR(VLOOKUP($A$21&$D$5&$B24&$BO$4,TKB_LOP_CHECK!$A$65:$J$860,10,0),"") | BQ24: =IFERROR(VLOOKUP($A$21&$C$5&$B24&$BQ$4,TKB_LOP_CHECK!$A$65:$J$860,10,0),"") | BR24: =IFERROR(VLOOKUP($A$21&$D$5&$B24&$BQ$4,TKB_LOP_CHECK!$A$65:$J$860,10,0),"") -> GVNN -2C1 | BS24: =IFERROR(VLOOKUP($A$21&$C$5&$B24&$BS$4,TKB_LOP_CHECK!$A$65:$J$860,10,0),"") | BT24: =IFERROR(VLOOKUP($A$21&$D$5&$B24&$BS$4,TKB_LOP_CHECK!$A$65:$J$860,10,0),"") | BU24: =IFERROR(VLOOKUP($A$21&$C$5&$B24&$BU$4,TKB_LOP_CHECK!$A$65:$J$860,10,0),"") | BV24: =IFERROR(VLOOKUP($A$21&$D$5&$B24&$BU$4,TKB_LOP_CHECK!$A$65:$J$860,10,0),"")
B25: 5 | C25: =IFERROR(VLOOKUP($A$21&$C$5&$B25&$C$4,TKB_LOP_CHECK!$B$65:$J$860,9,0),"") -> GVNN -7A1 | D25: =IFERROR(VLOOKUP($A$21&$D$5&$B25&$C$4,TKB_LOP_CHECK!$B$65:$J$860,9,0),"") | E25: =IFERROR(VLOOKUP($A$21&$C$5&$B25&$E$4,TKB_LOP_CHECK!$B$65:$J$860,9,0),"") | F25: =IFERROR(VLOOKUP($A$21&$D$5&$B25&$E$4,TKB_LOP_CHECK!$B$65:$J$860,9,0),"") | G25: =IFERROR(VLOOKUP($A$21&$C$5&$B25&$G$4,TKB_LOP_CHECK!$B$65:$J$860,9,0),"") | H25: =IFERROR(VLOOKUP($A$21&$D$5&$B25&$G$4,TKB_LOP_CHECK!$B$65:$J$860,9,0),"") | I25: =IFERROR(VLOOKUP($A$21&$C$5&$B25&$I$4,TKB_LOP_CHECK!$B$65:$J$860,9,0),"") | J25: =IFERROR(VLOOKUP($A$21&$D$5&$B25&$I$4,TKB_LOP_CHECK!$B$65:$J$860,9,0),"") | K25: =IFERROR(VLOOKUP($A$21&$C$5&$B25&$K$4,TKB_LOP_CHECK!$B$65:$J$860,9,0),"") | L25: =IFERROR(VLOOKUP($A$21&$D$5&$B25&$K$4,TKB_LOP_CHECK!$B$65:$J$860,9,0),"") | M25: =IFERROR(VLOOKUP($A$21&$C$5&$B25&$M$4,TKB_LOP_CHECK!$B$65:$J$860,9,0),"") | N25: =IFERROR(VLOOKUP($A$21&$D$5&$B25&$M$4,TKB_LOP_CHECK!$B$65:$J$860,9,0),"") | O25: =IFERROR(VLOOKUP($A$21&$C$5&$B25&$O$4,TKB_LOP_CHECK!$B$65:$J$860,9,0),"") | P25: =IFERROR(VLOOKUP($A$21&$D$5&$B25&$O$4,TKB_LOP_CHECK!$B$65:$J$860,9,0),"") | Q25: =IFERROR(VLOOKUP($A$21&$C$5&$B25&$Q$4,TKB_LOP_CHECK!$B$65:$J$860,9,0),"") | R25: =IFERROR(VLOOKUP($A$21&$D$5&$B25&$Q$4,TKB_LOP_CHECK!$B$65:$J$860,9,0),"") | S25: =IFERROR(VLOOKUP($A$21&$C$5&$B25&$S$4,TKB_LOP_CHECK!$B$65:$J$860,9,0),"") | T25: =IFERROR(VLOOKUP($A$21&$D$5&$B25&$S$4,TKB_LOP_CHECK!$B$65:$J$860,9,0),"") | U25: =IFERROR(VLOOKUP($A$21&$C$5&$B25&$U$4,TKB_LOP_CHECK!$B$65:$J$860,9,0),"") -> GDĐP -8A1 | V25: =IFERROR(VLOOKUP($A$21&$D$5&$B25&$U$4,TKB_LOP_CHECK!$B$65:$J$860,9,0),"") | W25: =IFERROR(VLOOKUP($A$21&$C$5&$B25&$W$4,TKB_LOP_CHECK!$B$65:$J$860,9,0),"") | X25: =IFERROR(VLOOKUP($A$21&$D$5&$B25&$W$4,TKB_LOP_CHECK!$B$65:$J$860,9,0),"") | Y25: =IFERROR(VLOOKUP($A$21&$C$5&$B25&$Y$4,TKB_LOP_CHECK!$B$65:$J$860,9,0),"") | Z25: =IFERROR(VLOOKUP($A$21&$D$5&$B25&$Y$4,TKB_LOP_CHECK!$B$65:$J$860,9,0),"") | AA25: =IFERROR(VLOOKUP($A$21&$C$5&$B25&$AA$4,TKB_LOP_CHECK!$B$65:$J$860,9,0),"") | AB25: =IFERROR(VLOOKUP($A$21&$D$5&$B25&$AA$4,TKB_LOP_CHECK!$B$65:$J$860,9,0),"") | AC25: =IFERROR(VLOOKUP($A$21&$C$5&$B25&$AC$4,TKB_LOP_CHECK!$B$65:$J$860,9,0),"") | AD25: =IFERROR(VLOOKUP($A$21&$D$5&$B25&$AC$4,TKB_LOP_CHECK!$B$65:$J$860,9,0),"") | AE25: =IFERROR(VLOOKUP($A$21&$C$5&$B25&$AE$4,TKB_LOP_CHECK!$B$65:$J$860,9,0),"") | AF25: =IFERROR(VLOOKUP($A$21&$D$5&$B25&$AE$4,TKB_LOP_CHECK!$B$65:$J$860,9,0),"") | AG25: =IFERROR(VLOOKUP($A$21&$C$5&$B25&$AG$4,TKB_LOP_CHECK!$B$65:$J$860,9,0),"") | AH25: =IFERROR(VLOOKUP($A$21&$D$5&$B25&$AG$4,TKB_LOP_CHECK!$B$65:$J$860,9,0),"") | AI25: =IFERROR(VLOOKUP($A$21&$C$5&$B25&$AI$4,TKB_LOP_CHECK!$B$65:$J$860,9,0),"") | AJ25: =IFERROR(VLOOKUP($A$21&$D$5&$B25&$AI$4,TKB_LOP_CHECK!$B$65:$J$860,9,0),"") | AK25: =IFERROR(VLOOKUP($A$21&$C$5&$B25&$AK$4,TKB_LOP_CHECK!$B$65:$J$860,9,0),"") | AL25: =IFERROR(VLOOKUP($A$21&$D$5&$B25&$AK$4,TKB_LOP_CHECK!$B$65:$J$860,9,0),"") | AM25: =IFERROR(VLOOKUP($A$21&$C$5&$B25&$AM$4,TKB_LOP_CHECK!$B$65:$J$860,9,0),"") | AN25: =IFERROR(VLOOKUP($A$21&$D$5&$B25&$AM$4,TKB_LOP_CHECK!$B$65:$J$860,9,0),"") | AO25: =IFERROR(VLOOKUP($A$21&$C$5&$B25&$AO$4,TKB_LOP_CHECK!$B$65:$J$860,9,0),"") | AP25: =IFERROR(VLOOKUP($A$21&$D$5&$B25&$AO$4,TKB_LOP_CHECK!$B$65:$J$860,9,0),"") | AQ25: =IFERROR(VLOOKUP($A$21&$C$5&$B25&$AQ$4,TKB_LOP_CHECK!$B$65:$J$860,9,0),"") -> GVNN -7A1 | AR25: =IFERROR(VLOOKUP($A$21&$D$5&$B25&$AQ$4,TKB_LOP_CHECK!$B$65:$J$860,9,0),"") | AS25: =IFERROR(VLOOKUP($A$21&$C$5&$B25&$AS$4,TKB_LOP_CHECK!$B$65:$J$860,9,0),"") | AT25: =IFERROR(VLOOKUP($A$21&$D$5&$B25&$AS$4,TKB_LOP_CHECK!$B$65:$J$860,9,0),"") | AU25: =IFERROR(VLOOKUP($A$21&$C$5&$B25&$AU$4,TKB_LOP_CHECK!$B$65:$J$860,9,0),"") | AV25: =IFERROR(VLOOKUP($A$21&$D$5&$B25&$AU$4,TKB_LOP_CHECK!$B$65:$J$860,9,0),"") | AW25: =IFERROR(VLOOKUP($A$21&$C$5&$B25&$AW$4,TKB_LOP_CHECK!$B$65:$J$860,9,0),"") | AX25: =IFERROR(VLOOKUP($A$21&$D$5&$B25&$AW$4,TKB_LOP_CHECK!$B$65:$J$860,9,0),"") | AY25: =IFERROR(VLOOKUP($A$21&$C$5&$B25&$AY$4,TKB_LOP_CHECK!$B$65:$J$860,9,0),"") | AZ25: =IFERROR(VLOOKUP($A$21&$D$5&$B25&$AY$4,TKB_LOP_CHECK!$B$65:$J$860,9,0),"") | BA25: =IFERROR(VLOOKUP($A$21&$C$5&$B25&$BA$4,TKB_LOP_CHECK!$B$65:$J$860,9,0),"") | BB25: =IFERROR(VLOOKUP($A$21&$D$5&$B25&$BA$4,TKB_LOP_CHECK!$B$65:$J$860,9,0),"") | BC25: =IFERROR(VLOOKUP($A$21&$C$5&$B25&$BC$4,TKB_LOP_CHECK!$B$65:$J$860,9,0),"") | BD25: =IFERROR(VLOOKUP($A$21&$D$5&$B25&$BC$4,TKB_LOP_CHECK!$B$65:$J$860,9,0),"") | BE25: =IFERROR(VLOOKUP($A$21&$C$5&$B25&$BE$4,TKB_LOP_CHECK!$B$65:$J$860,9,0),"") | BF25: =IFERROR(VLOOKUP($A$21&$D$5&$B25&$BE$4,TKB_LOP_CHECK!$B$65:$J$860,9,0),"") | BG25: =IFERROR(VLOOKUP($A$21&$C$5&$B25&$BG$4,TKB_LOP_CHECK!$B$65:$J$860,9,0),"") | BH25: =IFERROR(VLOOKUP($A$21&$D$5&$B25&$BG$4,TKB_LOP_CHECK!$B$65:$J$860,9,0),"") | BI25: =IFERROR(VLOOKUP($A$21&$C$5&$B25&$BI$4,TKB_LOP_CHECK!$B$65:$J$860,9,0),"") | BJ25: =IFERROR(VLOOKUP($A$21&$D$5&$B25&$BI$4,TKB_LOP_CHECK!$B$65:$J$860,9,0),"") | BK25: =IFERROR(VLOOKUP($A$21&$C$5&$B25&$BK$4,TKB_LOP_CHECK!$B$65:$J$860,9,0),"") | BL25: =IFERROR(VLOOKUP($A$21&$D$5&$B25&$BK$4,TKB_LOP_CHECK!$B$65:$J$860,9,0),"") | BM25: =IFERROR(VLOOKUP($A$21&$C$5&$B25&$BM$4,TKB_LOP_CHECK!$B$65:$J$860,9,0),"") | BN25: =IFERROR(VLOOKUP($A$21&$D$5&$B25&$BM$4,TKB_LOP_CHECK!$B$65:$J$860,9,0),"") | BO25: =IFERROR(VLOOKUP($A$21&$C$5&$B25&$BO$4,TKB_LOP_CHECK!$A$65:$J$860,10,0),"") | BP25: =IFERROR(VLOOKUP($A$21&$D$5&$B25&$BO$4,TKB_LOP_CHECK!$A$65:$J$860,10,0),"") | BQ25: =IFERROR(VLOOKUP($A$21&$C$5&$B25&$BQ$4,TKB_LOP_CHECK!$A$65:$J$860,10,0),"") -> GVNN -7A1 | BR25: =IFERROR(VLOOKUP($A$21&$D$5&$B25&$BQ$4,TKB_LOP_CHECK!$A$65:$J$860,10,0),"") | BS25: =IFERROR(VLOOKUP($A$21&$C$5&$B25&$BS$4,TKB_LOP_CHECK!$A$65:$J$860,10,0),"") | BT25: =IFERROR(VLOOKUP($A$21&$D$5&$B25&$BS$4,TKB_LOP_CHECK!$A$65:$J$860,10,0),"") | BU25: =IFERROR(VLOOKUP($A$21&$C$5&$B25&$BU$4,TKB_LOP_CHECK!$A$65:$J$860,10,0),"") | BV25: =IFERROR(VLOOKUP($A$21&$D$5&$B25&$BU$4,TKB_LOP_CHECK!$A$65:$J$860,10,0),"")
A26: 6 | B26: 1 | C26: =IFERROR(VLOOKUP($A$26&$C$5&$B26&$C$4,TKB_LOP_CHECK!$B$65:$J$860,9,0),"") | D26: =IFERROR(VLOOKUP($A$26&$D$5&$B26&$C$4,TKB_LOP_CHECK!$B$65:$J$860,9,0),"") | E26: =IFERROR(VLOOKUP($A$26&$C$5&$B26&$E$4,TKB_LOP_CHECK!$B$65:$J$860,9,0),"") | F26: =IFERROR(VLOOKUP($A$26&$D$5&$B26&$E$4,TKB_LOP_CHECK!$B$65:$J$860,9,0),"") | G26: =IFERROR(VLOOKUP($A$26&$C$5&$B26&$G$4,TKB_LOP_CHECK!$B$65:$J$860,9,0),"") | H26: =IFERROR(VLOOKUP($A$26&$D$5&$B26&$G$4,TKB_LOP_CHECK!$B$65:$J$860,9,0),"") | I26: =IFERROR(VLOOKUP($A$26&$C$5&$B26&$I$4,TKB_LOP_CHECK!$B$65:$J$860,9,0),"") -> Toán -3C1 | J26: =IFERROR(VLOOKUP($A$26&$D$5&$B26&$I$4,TKB_LOP_CHECK!$B$65:$J$860,9,0),"") -> Toán -3C1 | K26: =IFERROR(VLOOKUP($A$26&$C$5&$B26&$K$4,TKB_LOP_CHECK!$B$65:$J$860,9,0),"") -> Toán -3C1 | L26: =IFERROR(VLOOKUP($A$26&$D$5&$B26&$K$4,TKB_LOP_CHECK!$B$65:$J$860,9,0),"") -> Toán -3C1 | M26: =IFERROR(VLOOKUP($A$26&$C$5&$B26&$M$4,TKB_LOP_CHECK!$B$65:$J$860,9,0),"") | N26: =IFERROR(VLOOKUP($A$26&$D$5&$B26&$M$4,TKB_LOP_CHECK!$B$65:$J$860,9,0),"") -> GVVN -1A1 | O26: =IFERROR(VLOOKUP($A$26&$C$5&$B26&$O$4,TKB_LOP_CHECK!$B$65:$J$860,9,0),"") | P26: =IFERROR(VLOOKUP($A$26&$D$5&$B26&$O$4,TKB_LOP_CHECK!$B$65:$J$860,9,0),"") -> HĐ tự chọn -TTH1 | Q26: =IFERROR(VLOOKUP($A$26&$C$5&$B26&$Q$4,TKB_LOP_CHECK!$B$65:$J$860,9,0),"") -> GDTC -8A1 | R26: =IFERROR(VLOOKUP($A$26&$D$5&$B26&$Q$4,TKB_LOP_CHECK!$B$65:$J$860,9,0),"") -> GDTC -6A1 | S26: =IFERROR(VLOOKUP($A$26&$C$5&$B26&$S$4,TKB_LOP_CHECK!$B$65:$J$860,9,0),"") | T26: =IFERROR(VLOOKUP($A$26&$D$5&$B26&$S$4,TKB_LOP_CHECK!$B$65:$J$860,9,0),"") | U26: =IFERROR(VLOOKUP($A$26&$C$5&$B26&$U$4,TKB_LOP_CHECK!$B$65:$J$860,9,0),"") | V26: =IFERROR(VLOOKUP($A$26&$D$5&$B26&$U$4,TKB_LOP_CHECK!$B$65:$J$860,9,0),"") | W26: =IFERROR(VLOOKUP($A$26&$C$5&$B26&$W$4,TKB_LOP_CHECK!$B$65:$J$860,9,0),"") | X26: =IFERROR(VLOOKUP($A$26&$D$5&$B26&$W$4,TKB_LOP_CHECK!$B$65:$J$860,9,0),"") | Y26: =IFERROR(VLOOKUP($A$26&$C$5&$B26&$Y$4,TKB_LOP_CHECK!$B$65:$J$860,9,0),"") -> TViệt -3A1 | Z26: =IFERROR(VLOOKUP($A$26&$D$5&$B26&$Y$4,TKB_LOP_CHECK!$B$65:$J$860,9,0),"") | AA26: =IFERROR(VLOOKUP($A$26&$C$5&$B26&$AA$4,TKB_LOP_CHECK!$B$65:$J$860,9,0),"") | AB26: =IFERROR(VLOOKUP($A$26&$D$5&$B26&$AA$4,TKB_LOP_CHECK!$B$65:$J$860,9,0),"") -> GVVN -1A1 | AC26: =IFERROR(VLOOKUP($A$26&$C$5&$B26&$AC$4,TKB_LOP_CHECK!$B$65:$J$860,9,0),"") | AD26: =IFERROR(VLOOKUP($A$26&$D$5&$B26&$AC$4,TKB_LOP_CHECK!$B$65:$J$860,9,0),"") | AE26: =IFERROR(VLOOKUP($A$26&$C$5&$B26&$AE$4,TKB_LOP_CHECK!$B$65:$J$860,9,0),"") -> GVVN -5C1 | AF26: =IFERROR(VLOOKUP($A$26&$D$5&$B26&$AE$4,TKB_LOP_CHECK!$B$65:$J$860,9,0),"") -> Science -5C1 | AG26: =IFERROR(VLOOKUP($A$26&$C$5&$B26&$AG$4,TKB_LOP_CHECK!$B$65:$J$860,9,0),"") | AH26: =IFERROR(VLOOKUP($A$26&$D$5&$B26&$AG$4,TKB_LOP_CHECK!$B$65:$J$860,9,0),"") -> GVVN -1A1 | AI26: =IFERROR(VLOOKUP($A$26&$C$5&$B26&$AI$4,TKB_LOP_CHECK!$B$65:$J$860,9,0),"") | AJ26: =IFERROR(VLOOKUP($A$26&$D$5&$B26&$AI$4,TKB_LOP_CHECK!$B$65:$J$860,9,0),"") | AK26: =IFERROR(VLOOKUP($A$26&$C$5&$B26&$AK$4,TKB_LOP_CHECK!$B$65:$J$860,9,0),"") -> Mĩ thuật -7A1 | AL26: =IFERROR(VLOOKUP($A$26&$D$5&$B26&$AK$4,TKB_LOP_CHECK!$B$65:$J$860,9,0),"") | AM26: =IFERROR(VLOOKUP($A$26&$C$5&$B26&$AM$4,TKB_LOP_CHECK!$B$65:$J$860,9,0),"") | AN26: =IFERROR(VLOOKUP($A$26&$D$5&$B26&$AM$4,TKB_LOP_CHECK!$B$65:$J$860,9,0),"") -> TViệt -4C1 | AO26: =IFERROR(VLOOKUP($A$26&$C$5&$B26&$AO$4,TKB_LOP_CHECK!$B$65:$J$860,9,0),"") | AP26: =IFERROR(VLOOKUP($A$26&$D$5&$B26&$AO$4,TKB_LOP_CHECK!$B$65:$J$860,9,0),"") -> Đọc sách -2A1 | AQ26: =IFERROR(VLOOKUP($A$26&$C$5&$B26&$AQ$4,TKB_LOP_CHECK!$B$65:$J$860,9,0),"") | AR26: =IFERROR(VLOOKUP($A$26&$D$5&$B26&$AQ$4,TKB_LOP_CHECK!$B$65:$J$860,9,0),"") | AS26: =IFERROR(VLOOKUP($A$26&$C$5&$B26&$AS$4,TKB_LOP_CHECK!$B$65:$J$860,9,0),"") -> Toán -3C1 | AT26: =IFERROR(VLOOKUP($A$26&$D$5&$B26&$AS$4,TKB_LOP_CHECK!$B$65:$J$860,9,0),"") -> Toán -3C1 | AU26: =IFERROR(VLOOKUP($A$26&$C$5&$B26&$AU$4,TKB_LOP_CHECK!$B$65:$J$860,9,0),"") | AV26: =IFERROR(VLOOKUP($A$26&$D$5&$B26&$AU$4,TKB_LOP_CHECK!$B$65:$J$860,9,0),"") | AW26: =IFERROR(VLOOKUP($A$26&$C$5&$B26&$AW$4,TKB_LOP_CHECK!$B$65:$J$860,9,0),"") | AX26: =IFERROR(VLOOKUP($A$26&$D$5&$B26&$AW$4,TKB_LOP_CHECK!$B$65:$J$860,9,0),"") | AY26: =IFERROR(VLOOKUP($A$26&$C$5&$B26&$AY$4,TKB_LOP_CHECK!$B$65:$J$860,9,0),"") | AZ26: =IFERROR(VLOOKUP($A$26&$D$5&$B26&$AY$4,TKB_LOP_CHECK!$B$65:$J$860,9,0),"") | BA26: =IFERROR(VLOOKUP($A$26&$C$5&$B26&$BA$4,TKB_LOP_CHECK!$B$65:$J$860,9,0),"") | BB26: =IFERROR(VLOOKUP($A$26&$D$5&$B26&$BA$4,TKB_LOP_CHECK!$B$65:$J$860,9,0),"") | BC26: =IFERROR(VLOOKUP($A$26&$C$5&$B26&$BC$4,TKB_LOP_CHECK!$B$65:$J$860,9,0),"") | BD26: =IFERROR(VLOOKUP($A$26&$D$5&$B26&$BC$4,TKB_LOP_CHECK!$B$65:$J$860,9,0),"") | BE26: =IFERROR(VLOOKUP($A$26&$C$5&$B26&$BE$4,TKB_LOP_CHECK!$B$65:$J$860,9,0),"") | BF26: =IFERROR(VLOOKUP($A$26&$D$5&$B26&$BE$4,TKB_LOP_CHECK!$B$65:$J$860,9,0),"") | BG26: =IFERROR(VLOOKUP($A$26&$C$5&$B26&$BG$4,TKB_LOP_CHECK!$B$65:$J$860,9,0),"") | BH26: =IFERROR(VLOOKUP($A$26&$D$5&$B26&$BG$4,TKB_LOP_CHECK!$B$65:$J$860,9,0),"") | BI26: =IFERROR(VLOOKUP($A$26&$C$5&$B26&$BI$4,TKB_LOP_CHECK!$B$65:$J$860,9,0),"") | BJ26: =IFERROR(VLOOKUP($A$26&$D$5&$B26&$BI$4,TKB_LOP_CHECK!$B$65:$J$860,9,0),"") | BK26: =IFERROR(VLOOKUP($A$26&$C$5&$B26&$BK$4,TKB_LOP_CHECK!$B$65:$J$860,9,0),"") | BL26: =IFERROR(VLOOKUP($A$26&$D$5&$B26&$BK$4,TKB_LOP_CHECK!$B$65:$J$860,9,0),"") | BM26: =IFERROR(VLOOKUP($A$26&$C$5&$B26&$BM$4,TKB_LOP_CHECK!$B$65:$J$860,9,0),"") | BN26: =IFERROR(VLOOKUP($A$26&$D$5&$B26&$BM$4,TKB_LOP_CHECK!$B$65:$J$860,9,0),"") | BO26: =IFERROR(VLOOKUP($A$26&$C$5&$B26&$BO$4,TKB_LOP_CHECK!$A$65:$J$860,10,0),"") | BP26: =IFERROR(VLOOKUP($A$26&$D$5&$B26&$BO$4,TKB_LOP_CHECK!$A$65:$J$860,10,0),"") | BQ26: =IFERROR(VLOOKUP($A$26&$C$5&$B26&$BQ$4,TKB_LOP_CHECK!$A$65:$J$860,10,0),"") | BR26: =IFERROR(VLOOKUP($A$26&$D$5&$B26&$BQ$4,TKB_LOP_CHECK!$A$65:$J$860,10,0),"") | BS26: =IFERROR(VLOOKUP($A$26&$C$5&$B26&$BS$4,TKB_LOP_CHECK!$A$65:$J$860,10,0),"") | BT26: =IFERROR(VLOOKUP($A$26&$D$5&$B26&$BS$4,TKB_LOP_CHECK!$A$65:$J$860,10,0),"") | BU26: =IFERROR(VLOOKUP($A$26&$C$5&$B26&$BU$4,TKB_LOP_CHECK!$A$65:$J$860,10,0),"") | BV26: =IFERROR(VLOOKUP($A$26&$D$5&$B26&$BU$4,TKB_LOP_CHECK!$A$65:$J$860,10,0),"")
B27: 2 | C27: =IFERROR(VLOOKUP($A$26&$C$5&$B27&$C$4,TKB_LOP_CHECK!$B$65:$J$860,9,0),"") | D27: =IFERROR(VLOOKUP($A$26&$D$5&$B27&$C$4,TKB_LOP_CHECK!$B$65:$J$860,9,0),"") | E27: =IFERROR(VLOOKUP($A$26&$C$5&$B27&$E$4,TKB_LOP_CHECK!$B$65:$J$860,9,0),"") | F27: =IFERROR(VLOOKUP($A$26&$D$5&$B27&$E$4,TKB_LOP_CHECK!$B$65:$J$860,9,0),"") | G27: =IFERROR(VLOOKUP($A$26&$C$5&$B27&$G$4,TKB_LOP_CHECK!$B$65:$J$860,9,0),"") -> GVVN -4C1 | H27: =IFERROR(VLOOKUP($A$26&$D$5&$B27&$G$4,TKB_LOP_CHECK!$B$65:$J$860,9,0),"") | I27: =IFERROR(VLOOKUP($A$26&$C$5&$B27&$I$4,TKB_LOP_CHECK!$B$65:$J$860,9,0),"") -> Toán -5C1 | J27: =IFERROR(VLOOKUP($A$26&$D$5&$B27&$I$4,TKB_LOP_CHECK!$B$65:$J$860,9,0),"") -> Toán -2C1 | K27: =IFERROR(VLOOKUP($A$26&$C$5&$B27&$K$4,TKB_LOP_CHECK!$B$65:$J$860,9,0),"") -> Toán -5C1 | L27: =IFERROR(VLOOKUP($A$26&$D$5&$B27&$K$4,TKB_LOP_CHECK!$B$65:$J$860,9,0),"") -> Toán -2C1 | M27: Nhạc -TTH3 | N27: =IFERROR(VLOOKUP($A$26&$D$5&$B27&$M$4,TKB_LOP_CHECK!$B$65:$J$860,9,0),"") -> GVVN -2A1 | O27: =IFERROR(VLOOKUP($A$26&$C$5&$B27&$O$4,TKB_LOP_CHECK!$B$65:$J$860,9,0),"") -> Cãm xúc xã hội -TTH1 | P27: =IFERROR(VLOOKUP($A$26&$D$5&$B27&$O$4,TKB_LOP_CHECK!$B$65:$J$860,9,0),"") | Q27: =IFERROR(VLOOKUP($A$26&$C$5&$B27&$Q$4,TKB_LOP_CHECK!$B$65:$J$860,9,0),"") -> GDTC -8A1 | R27: =IFERROR(VLOOKUP($A$26&$D$5&$B27&$Q$4,TKB_LOP_CHECK!$B$65:$J$860,9,0),"") -> GDTC -6A1 | S27: =IFERROR(VLOOKUP($A$26&$C$5&$B27&$S$4,TKB_LOP_CHECK!$B$65:$J$860,9,0),"") -> GVVN -4C1 | T27: =IFERROR(VLOOKUP($A$26&$D$5&$B27&$S$4,TKB_LOP_CHECK!$B$65:$J$860,9,0),"") | U27: =IFERROR(VLOOKUP($A$26&$C$5&$B27&$U$4,TKB_LOP_CHECK!$B$65:$J$860,9,0),"") | V27: =IFERROR(VLOOKUP($A$26&$D$5&$B27&$U$4,TKB_LOP_CHECK!$B$65:$J$860,9,0),"") | W27: =IFERROR(VLOOKUP($A$26&$C$5&$B27&$W$4,TKB_LOP_CHECK!$B$65:$J$860,9,0),"") | X27: =IFERROR(VLOOKUP($A$26&$D$5&$B27&$W$4,TKB_LOP_CHECK!$B$65:$J$860,9,0),"") | Y27: =IFERROR(VLOOKUP($A$26&$C$5&$B27&$Y$4,TKB_LOP_CHECK!$B$65:$J$860,9,0),"") -> TViệt -3A1 | Z27: =IFERROR(VLOOKUP($A$26&$D$5&$B27&$Y$4,TKB_LOP_CHECK!$B$65:$J$860,9,0),"") -> TViệt -3A1 | AA27: =IFERROR(VLOOKUP($A$26&$C$5&$B27&$AA$4,TKB_LOP_CHECK!$B$65:$J$860,9,0),"") -> GVVN -2A1 | AB27: =IFERROR(VLOOKUP($A$26&$D$5&$B27&$AA$4,TKB_LOP_CHECK!$B$65:$J$860,9,0),"") -> GVVN -2A1 | AC27: =IFERROR(VLOOKUP($A$26&$C$5&$B27&$AC$4,TKB_LOP_CHECK!$B$65:$J$860,9,0),"") | AD27: =IFERROR(VLOOKUP($A$26&$D$5&$B27&$AC$4,TKB_LOP_CHECK!$B$65:$J$860,9,0),"") | AE27: =IFERROR(VLOOKUP($A$26&$C$5&$B27&$AE$4,TKB_LOP_CHECK!$B$65:$J$860,9,0),"") | AF27: =IFERROR(VLOOKUP($A$26&$D$5&$B27&$AE$4,TKB_LOP_CHECK!$B$65:$J$860,9,0),"") -> GVVN -5C1 | AG27: =IFERROR(VLOOKUP($A$26&$C$5&$B27&$AG$4,TKB_LOP_CHECK!$B$65:$J$860,9,0),"") -> GVVN -2A1 | AH27: =IFERROR(VLOOKUP($A$26&$D$5&$B27&$AG$4,TKB_LOP_CHECK!$B$65:$J$860,9,0),"") -> GVVN -2A1 | AI27: =IFERROR(VLOOKUP($A$26&$C$5&$B27&$AI$4,TKB_LOP_CHECK!$B$65:$J$860,9,0),"") | AJ27: =IFERROR(VLOOKUP($A$26&$D$5&$B27&$AI$4,TKB_LOP_CHECK!$B$65:$J$860,9,0),"") | AK27: =IFERROR(VLOOKUP($A$26&$C$5&$B27&$AK$4,TKB_LOP_CHECK!$B$65:$J$860,9,0),"") -> Mĩ thuật -2C1 | AL27: =IFERROR(VLOOKUP($A$26&$D$5&$B27&$AK$4,TKB_LOP_CHECK!$B$65:$J$860,9,0),"") -> Mĩ thuật -TTH1 | AM27: =IFERROR(VLOOKUP($A$26&$C$5&$B27&$AM$4,TKB_LOP_CHECK!$B$65:$J$860,9,0),"") | AN27: =IFERROR(VLOOKUP($A$26&$D$5&$B27&$AM$4,TKB_LOP_CHECK!$B$65:$J$860,9,0),"") -> TViệt -3C1 | AO27: =IFERROR(VLOOKUP($A$26&$C$5&$B27&$AO$4,TKB_LOP_CHECK!$B$65:$J$860,9,0),"") | AP27: =IFERROR(VLOOKUP($A$26&$D$5&$B27&$AO$4,TKB_LOP_CHECK!$B$65:$J$860,9,0),"") -> Đọc sách -1A1 | AQ27: =IFERROR(VLOOKUP($A$26&$C$5&$B27&$AQ$4,TKB_LOP_CHECK!$B$65:$J$860,9,0),"") | AR27: =IFERROR(VLOOKUP($A$26&$D$5&$B27&$AQ$4,TKB_LOP_CHECK!$B$65:$J$860,9,0),"") | AS27: =IFERROR(VLOOKUP($A$26&$C$5&$B27&$AS$4,TKB_LOP_CHECK!$B$65:$J$860,9,0),"") -> Toán -5C1 | AT27: =IFERROR(VLOOKUP($A$26&$D$5&$B27&$AS$4,TKB_LOP_CHECK!$B$65:$J$860,9,0),"") -> Toán -2C1 | AU27: =IFERROR(VLOOKUP($A$26&$C$5&$B27&$AU$4,TKB_LOP_CHECK!$B$65:$J$860,9,0),"") | AV27: =IFERROR(VLOOKUP($A$26&$D$5&$B27&$AU$4,TKB_LOP_CHECK!$B$65:$J$860,9,0),"") | AW27: =IFERROR(VLOOKUP($A$26&$C$5&$B27&$AW$4,TKB_LOP_CHECK!$B$65:$J$860,9,0),"") | AX27: =IFERROR(VLOOKUP($A$26&$D$5&$B27&$AW$4,TKB_LOP_CHECK!$B$65:$J$860,9,0),"") | AY27: =IFERROR(VLOOKUP($A$26&$C$5&$B27&$AY$4,TKB_LOP_CHECK!$B$65:$J$860,9,0),"") | AZ27: =IFERROR(VLOOKUP($A$26&$D$5&$B27&$AY$4,TKB_LOP_CHECK!$B$65:$J$860,9,0),"") | BA27: =IFERROR(VLOOKUP($A$26&$C$5&$B27&$BA$4,TKB_LOP_CHECK!$B$65:$J$860,9,0),"") | BB27: =IFERROR(VLOOKUP($A$26&$D$5&$B27&$BA$4,TKB_LOP_CHECK!$B$65:$J$860,9,0),"") | BC27: =IFERROR(VLOOKUP($A$26&$C$5&$B27&$BC$4,TKB_LOP_CHECK!$B$65:$J$860,9,0),"") | BD27: =IFERROR(VLOOKUP($A$26&$D$5&$B27&$BC$4,TKB_LOP_CHECK!$B$65:$J$860,9,0),"") | BE27: =IFERROR(VLOOKUP($A$26&$C$5&$B27&$BE$4,TKB_LOP_CHECK!$B$65:$J$860,9,0),"") | BF27: =IFERROR(VLOOKUP($A$26&$D$5&$B27&$BE$4,TKB_LOP_CHECK!$B$65:$J$860,9,0),"") | BG27: =IFERROR(VLOOKUP($A$26&$C$5&$B27&$BG$4,TKB_LOP_CHECK!$B$65:$J$860,9,0),"") | BH27: =IFERROR(VLOOKUP($A$26&$D$5&$B27&$BG$4,TKB_LOP_CHECK!$B$65:$J$860,9,0),"") | BI27: =IFERROR(VLOOKUP($A$26&$C$5&$B27&$BI$4,TKB_LOP_CHECK!$B$65:$J$860,9,0),"") | BJ27: =IFERROR(VLOOKUP($A$26&$D$5&$B27&$BI$4,TKB_LOP_CHECK!$B$65:$J$860,9,0),"") | BK27: =IFERROR(VLOOKUP($A$26&$C$5&$B27&$BK$4,TKB_LOP_CHECK!$B$65:$J$860,9,0),"") | BL27: =IFERROR(VLOOKUP($A$26&$D$5&$B27&$BK$4,TKB_LOP_CHECK!$B$65:$J$860,9,0),"") | BM27: =IFERROR(VLOOKUP($A$26&$C$5&$B27&$BM$4,TKB_LOP_CHECK!$B$65:$J$860,9,0),"") | BN27: =IFERROR(VLOOKUP($A$26&$D$5&$B27&$BM$4,TKB_LOP_CHECK!$B$65:$J$860,9,0),"") | BO27: =IFERROR(VLOOKUP($A$26&$C$5&$B27&$BO$4,TKB_LOP_CHECK!$A$65:$J$860,10,0),"") | BP27: =IFERROR(VLOOKUP($A$26&$D$5&$B27&$BO$4,TKB_LOP_CHECK!$A$65:$J$860,10,0),"") | BQ27: =IFERROR(VLOOKUP($A$26&$C$5&$B27&$BQ$4,TKB_LOP_CHECK!$A$65:$J$860,10,0),"") | BR27: =IFERROR(VLOOKUP($A$26&$D$5&$B27&$BQ$4,TKB_LOP_CHECK!$A$65:$J$860,10,0),"") | BS27: =IFERROR(VLOOKUP($A$26&$C$5&$B27&$BS$4,TKB_LOP_CHECK!$A$65:$J$860,10,0),"") | BT27: =IFERROR(VLOOKUP($A$26&$D$5&$B27&$BS$4,TKB_LOP_CHECK!$A$65:$J$860,10,0),"") | BU27: =IFERROR(VLOOKUP($A$26&$C$5&$B27&$BU$4,TKB_LOP_CHECK!$A$65:$J$860,10,0),"") | BV27: =IFERROR(VLOOKUP($A$26&$D$5&$B27&$BU$4,TKB_LOP_CHECK!$A$65:$J$860,10,0),"")
B28: 3 | C28: =IFERROR(VLOOKUP($A$26&$C$5&$B28&$C$4,TKB_LOP_CHECK!$B$65:$J$860,9,0),"") | D28: =IFERROR(VLOOKUP($A$26&$D$5&$B28&$C$4,TKB_LOP_CHECK!$B$65:$J$860,9,0),"") | E28: =IFERROR(VLOOKUP($A$26&$C$5&$B28&$E$4,TKB_LOP_CHECK!$B$65:$J$860,9,0),"") | F28: =IFERROR(VLOOKUP($A$26&$D$5&$B28&$E$4,TKB_LOP_CHECK!$B$65:$J$860,9,0),"") | G28: =IFERROR(VLOOKUP($A$26&$C$5&$B28&$G$4,TKB_LOP_CHECK!$B$65:$J$860,9,0),"") -> GVNN -8A1 | H28: =IFERROR(VLOOKUP($A$26&$D$5&$B28&$G$4,TKB_LOP_CHECK!$B$65:$J$860,9,0),"") | I28: =IFERROR(VLOOKUP($A$26&$C$5&$B28&$I$4,TKB_LOP_CHECK!$B$65:$J$860,9,0),"") | J28: =IFERROR(VLOOKUP($A$26&$D$5&$B28&$I$4,TKB_LOP_CHECK!$B$65:$J$860,9,0),"") | K28: =IFERROR(VLOOKUP($A$26&$C$5&$B28&$K$4,TKB_LOP_CHECK!$B$65:$J$860,9,0),"") | L28: =IFERROR(VLOOKUP($A$26&$D$5&$B28&$K$4,TKB_LOP_CHECK!$B$65:$J$860,9,0),"") | M28: =IFERROR(VLOOKUP($A$26&$C$5&$B28&$M$4,TKB_LOP_CHECK!$B$65:$J$860,9,0),"") -> GVVN -1A1 | N28: =IFERROR(VLOOKUP($A$26&$D$5&$B28&$M$4,TKB_LOP_CHECK!$B$65:$J$860,9,0),"") | O28: =IFERROR(VLOOKUP($A$26&$C$5&$B28&$O$4,TKB_LOP_CHECK!$B$65:$J$860,9,0),"") | P28: =IFERROR(VLOOKUP($A$26&$D$5&$B28&$O$4,TKB_LOP_CHECK!$B$65:$J$860,9,0),"") | Q28: =IFERROR(VLOOKUP($A$26&$C$5&$B28&$Q$4,TKB_LOP_CHECK!$B$65:$J$860,9,0),"") | R28: =IFERROR(VLOOKUP($A$26&$D$5&$B28&$Q$4,TKB_LOP_CHECK!$B$65:$J$860,9,0),"") | S28: =IFERROR(VLOOKUP($A$26&$C$5&$B28&$S$4,TKB_LOP_CHECK!$B$65:$J$860,9,0),"") -> GVNN -8A1 | T28: =IFERROR(VLOOKUP($A$26&$D$5&$B28&$S$4,TKB_LOP_CHECK!$B$65:$J$860,9,0),"") | U28: =IFERROR(VLOOKUP($A$26&$C$5&$B28&$U$4,TKB_LOP_CHECK!$B$65:$J$860,9,0),"") | V28: =IFERROR(VLOOKUP($A$26&$D$5&$B28&$U$4,TKB_LOP_CHECK!$B$65:$J$860,9,0),"") -> Văn -7A1 | W28: =IFERROR(VLOOKUP($A$26&$C$5&$B28&$W$4,TKB_LOP_CHECK!$B$65:$J$860,9,0),"") | X28: =IFERROR(VLOOKUP($A$26&$D$5&$B28&$W$4,TKB_LOP_CHECK!$B$65:$J$860,9,0),"") | Y28: =IFERROR(VLOOKUP($A$26&$C$5&$B28&$Y$4,TKB_LOP_CHECK!$B$65:$J$860,9,0),"") -> TViệt -5C1 | Z28: =IFERROR(VLOOKUP($A$26&$D$5&$B28&$Y$4,TKB_LOP_CHECK!$B$65:$J$860,9,0),"") | AA28: =IFERROR(VLOOKUP($A$26&$C$5&$B28&$AA$4,TKB_LOP_CHECK!$B$65:$J$860,9,0),"") -> GVVN -1A1 | AB28: =IFERROR(VLOOKUP($A$26&$D$5&$B28&$AA$4,TKB_LOP_CHECK!$B$65:$J$860,9,0),"") | AC28: =IFERROR(VLOOKUP($A$26&$C$5&$B28&$AC$4,TKB_LOP_CHECK!$B$65:$J$860,9,0),"") | AD28: =IFERROR(VLOOKUP($A$26&$D$5&$B28&$AC$4,TKB_LOP_CHECK!$B$65:$J$860,9,0),"") | AE28: =IFERROR(VLOOKUP($A$26&$C$5&$B28&$AE$4,TKB_LOP_CHECK!$B$65:$J$860,9,0),"") | AF28: =IFERROR(VLOOKUP($A$26&$D$5&$B28&$AE$4,TKB_LOP_CHECK!$B$65:$J$860,9,0),"") -> GVVN -3C1 | AG28: =IFERROR(VLOOKUP($A$26&$C$5&$B28&$AG$4,TKB_LOP_CHECK!$B$65:$J$860,9,0),"") -> GVVN -1A1 | AH28: =IFERROR(VLOOKUP($A$26&$D$5&$B28&$AG$4,TKB_LOP_CHECK!$B$65:$J$860,9,0),"") | AI28: =IFERROR(VLOOKUP($A$26&$C$5&$B28&$AI$4,TKB_LOP_CHECK!$B$65:$J$860,9,0),"") | AJ28: =IFERROR(VLOOKUP($A$26&$D$5&$B28&$AI$4,TKB_LOP_CHECK!$B$65:$J$860,9,0),"") | AK28: =IFERROR(VLOOKUP($A$26&$C$5&$B28&$AK$4,TKB_LOP_CHECK!$B$65:$J$860,9,0),"") -> Mĩ thuật -1C1 | AL28: =IFERROR(VLOOKUP($A$26&$D$5&$B28&$AK$4,TKB_LOP_CHECK!$B$65:$J$860,9,0),"") -> Mĩ thuật -2A1 | AM28: =IFERROR(VLOOKUP($A$26&$C$5&$B28&$AM$4,TKB_LOP_CHECK!$B$65:$J$860,9,0),"") -> TViệt -4C1 | AN28: =IFERROR(VLOOKUP($A$26&$D$5&$B28&$AM$4,TKB_LOP_CHECK!$B$65:$J$860,9,0),"") -> LS&ĐL -5C1 | AO28: =IFERROR(VLOOKUP($A$26&$C$5&$B28&$AO$4,TKB_LOP_CHECK!$B$65:$J$860,9,0),"") -> TViệt -2C1 | AP28: =IFERROR(VLOOKUP($A$26&$D$5&$B28&$AO$4,TKB_LOP_CHECK!$B$65:$J$860,9,0),"") -> Viết sáng tạo -2C1 | AQ28: =IFERROR(VLOOKUP($A$26&$C$5&$B28&$AQ$4,TKB_LOP_CHECK!$B$65:$J$860,9,0),"") | AR28: =IFERROR(VLOOKUP($A$26&$D$5&$B28&$AQ$4,TKB_LOP_CHECK!$B$65:$J$860,9,0),"") | AS28: =IFERROR(VLOOKUP($A$26&$C$5&$B28&$AS$4,TKB_LOP_CHECK!$B$65:$J$860,9,0),"") | AT28: =IFERROR(VLOOKUP($A$26&$D$5&$B28&$AS$4,TKB_LOP_CHECK!$B$65:$J$860,9,0),"") | AU28: =IFERROR(VLOOKUP($A$26&$C$5&$B28&$AU$4,TKB_LOP_CHECK!$B$65:$J$860,9,0),"") | AV28: =IFERROR(VLOOKUP($A$26&$D$5&$B28&$AU$4,TKB_LOP_CHECK!$B$65:$J$860,9,0),"") | AW28: =IFERROR(VLOOKUP($A$26&$C$5&$B28&$AW$4,TKB_LOP_CHECK!$B$65:$J$860,9,0),"") | AX28: =IFERROR(VLOOKUP($A$26&$D$5&$B28&$AW$4,TKB_LOP_CHECK!$B$65:$J$860,9,0),"") | AY28: =IFERROR(VLOOKUP($A$26&$C$5&$B28&$AY$4,TKB_LOP_CHECK!$B$65:$J$860,9,0),"") | AZ28: =IFERROR(VLOOKUP($A$26&$D$5&$B28&$AY$4,TKB_LOP_CHECK!$B$65:$J$860,9,0),"") | BA28: =IFERROR(VLOOKUP($A$26&$C$5&$B28&$BA$4,TKB_LOP_CHECK!$B$65:$J$860,9,0),"") | BB28: =IFERROR(VLOOKUP($A$26&$D$5&$B28&$BA$4,TKB_LOP_CHECK!$B$65:$J$860,9,0),"") | BC28: =IFERROR(VLOOKUP($A$26&$C$5&$B28&$BC$4,TKB_LOP_CHECK!$B$65:$J$860,9,0),"") | BD28: =IFERROR(VLOOKUP($A$26&$D$5&$B28&$BC$4,TKB_LOP_CHECK!$B$65:$J$860,9,0),"") | BE28: =IFERROR(VLOOKUP($A$26&$C$5&$B28&$BE$4,TKB_LOP_CHECK!$B$65:$J$860,9,0),"") | BF28: =IFERROR(VLOOKUP($A$26&$D$5&$B28&$BE$4,TKB_LOP_CHECK!$B$65:$J$860,9,0),"") | BG28: =IFERROR(VLOOKUP($A$26&$C$5&$B28&$BG$4,TKB_LOP_CHECK!$B$65:$J$860,9,0),"") | BH28: =IFERROR(VLOOKUP($A$26&$D$5&$B28&$BG$4,TKB_LOP_CHECK!$B$65:$J$860,9,0),"") | BI28: =IFERROR(VLOOKUP($A$26&$C$5&$B28&$BI$4,TKB_LOP_CHECK!$B$65:$J$860,9,0),"") | BJ28: =IFERROR(VLOOKUP($A$26&$D$5&$B28&$BI$4,TKB_LOP_CHECK!$B$65:$J$860,9,0),"") | BK28: =IFERROR(VLOOKUP($A$26&$C$5&$B28&$BK$4,TKB_LOP_CHECK!$B$65:$J$860,9,0),"") | BL28: =IFERROR(VLOOKUP($A$26&$D$5&$B28&$BK$4,TKB_LOP_CHECK!$B$65:$J$860,9,0),"") | BM28: =IFERROR(VLOOKUP($A$26&$C$5&$B28&$BM$4,TKB_LOP_CHECK!$B$65:$J$860,9,0),"") | BN28: =IFERROR(VLOOKUP($A$26&$D$5&$B28&$BM$4,TKB_LOP_CHECK!$B$65:$J$860,9,0),"") | BO28: =IFERROR(VLOOKUP($A$26&$C$5&$B28&$BO$4,TKB_LOP_CHECK!$A$65:$J$860,10,0),"") | BP28: =IFERROR(VLOOKUP($A$26&$D$5&$B28&$BO$4,TKB_LOP_CHECK!$A$65:$J$860,10,0),"") | BQ28: =IFERROR(VLOOKUP($A$26&$C$5&$B28&$BQ$4,TKB_LOP_CHECK!$A$65:$J$860,10,0),"") -> GVNN -8A1 | BR28: =IFERROR(VLOOKUP($A$26&$D$5&$B28&$BQ$4,TKB_LOP_CHECK!$A$65:$J$860,10,0),"") | BS28: =IFERROR(VLOOKUP($A$26&$C$5&$B28&$BS$4,TKB_LOP_CHECK!$A$65:$J$860,10,0),"") | BT28: =IFERROR(VLOOKUP($A$26&$D$5&$B28&$BS$4,TKB_LOP_CHECK!$A$65:$J$860,10,0),"") | BU28: =IFERROR(VLOOKUP($A$26&$C$5&$B28&$BU$4,TKB_LOP_CHECK!$A$65:$J$860,10,0),"") | BV28: =IFERROR(VLOOKUP($A$26&$D$5&$B28&$BU$4,TKB_LOP_CHECK!$A$65:$J$860,10,0),"")
B29: 4 | C29: =IFERROR(VLOOKUP($A$26&$C$5&$B29&$C$4,TKB_LOP_CHECK!$B$65:$J$860,9,0),"") | D29: =IFERROR(VLOOKUP($A$26&$D$5&$B29&$C$4,TKB_LOP_CHECK!$B$65:$J$860,9,0),"") | E29: =IFERROR(VLOOKUP($A$26&$C$5&$B29&$E$4,TKB_LOP_CHECK!$B$65:$J$860,9,0),"") | F29: =IFERROR(VLOOKUP($A$26&$D$5&$B29&$E$4,TKB_LOP_CHECK!$B$65:$J$860,9,0),"") | G29: =IFERROR(VLOOKUP($A$26&$C$5&$B29&$G$4,TKB_LOP_CHECK!$B$65:$J$860,9,0),"") -> GVVN -8A1 | H29: =IFERROR(VLOOKUP($A$26&$D$5&$B29&$G$4,TKB_LOP_CHECK!$B$65:$J$860,9,0),"") -> GVVN -4C1 | I29: =IFERROR(VLOOKUP($A$26&$C$5&$B29&$I$4,TKB_LOP_CHECK!$B$65:$J$860,9,0),"") | J29: =IFERROR(VLOOKUP($A$26&$D$5&$B29&$I$4,TKB_LOP_CHECK!$B$65:$J$860,9,0),"") -> Toán -5C1 | K29: =IFERROR(VLOOKUP($A$26&$C$5&$B29&$K$4,TKB_LOP_CHECK!$B$65:$J$860,9,0),"") | L29: =IFERROR(VLOOKUP($A$26&$D$5&$B29&$K$4,TKB_LOP_CHECK!$B$65:$J$860,9,0),"") -> Toán -5C1 | M29: =IFERROR(VLOOKUP($A$26&$C$5&$B29&$M$4,TKB_LOP_CHECK!$B$65:$J$860,9,0),"") | N29: =IFERROR(VLOOKUP($A$26&$D$5&$B29&$M$4,TKB_LOP_CHECK!$B$65:$J$860,9,0),"") | O29: =IFERROR(VLOOKUP($A$26&$C$5&$B29&$O$4,TKB_LOP_CHECK!$B$65:$J$860,9,0),"") -> TViệt -TTH1 | P29: =IFERROR(VLOOKUP($A$26&$D$5&$B29&$O$4,TKB_LOP_CHECK!$B$65:$J$860,9,0),"") -> Toán -TTH1 | Q29: =IFERROR(VLOOKUP($A$26&$C$5&$B29&$Q$4,TKB_LOP_CHECK!$B$65:$J$860,9,0),"") -> GDTC -7A1 | R29: =IFERROR(VLOOKUP($A$26&$D$5&$B29&$Q$4,TKB_LOP_CHECK!$B$65:$J$860,9,0),"") | S29: =IFERROR(VLOOKUP($A$26&$C$5&$B29&$S$4,TKB_LOP_CHECK!$B$65:$J$860,9,0),"") -> GVVN -8A1 | T29: =IFERROR(VLOOKUP($A$26&$D$5&$B29&$S$4,TKB_LOP_CHECK!$B$65:$J$860,9,0),"") -> GVVN -4C1 | U29: =IFERROR(VLOOKUP($A$26&$C$5&$B29&$U$4,TKB_LOP_CHECK!$B$65:$J$860,9,0),"") | V29: =IFERROR(VLOOKUP($A$26&$D$5&$B29&$U$4,TKB_LOP_CHECK!$B$65:$J$860,9,0),"") -> Văn -7A1 | W29: =IFERROR(VLOOKUP($A$26&$C$5&$B29&$W$4,TKB_LOP_CHECK!$B$65:$J$860,9,0),"") | X29: =IFERROR(VLOOKUP($A$26&$D$5&$B29&$W$4,TKB_LOP_CHECK!$B$65:$J$860,9,0),"") | Y29: =IFERROR(VLOOKUP($A$26&$C$5&$B29&$Y$4,TKB_LOP_CHECK!$B$65:$J$860,9,0),"") -> TViệt -5C1 | Z29: =IFERROR(VLOOKUP($A$26&$D$5&$B29&$Y$4,TKB_LOP_CHECK!$B$65:$J$860,9,0),"") -> Toán -3A1 | AA29: =IFERROR(VLOOKUP($A$26&$C$5&$B29&$AA$4,TKB_LOP_CHECK!$B$65:$J$860,9,0),"") | AB29: =IFERROR(VLOOKUP($A$26&$D$5&$B29&$AA$4,TKB_LOP_CHECK!$B$65:$J$860,9,0),"") | AC29: =IFERROR(VLOOKUP($A$26&$C$5&$B29&$AC$4,TKB_LOP_CHECK!$B$65:$J$860,9,0),"") | AD29: =IFERROR(VLOOKUP($A$26&$D$5&$B29&$AC$4,TKB_LOP_CHECK!$B$65:$J$860,9,0),"") | AE29: =IFERROR(VLOOKUP($A$26&$C$5&$B29&$AE$4,TKB_LOP_CHECK!$B$65:$J$860,9,0),"") -> GVVN -3C1 | AF29: =IFERROR(VLOOKUP($A$26&$D$5&$B29&$AE$4,TKB_LOP_CHECK!$B$65:$J$860,9,0),"") | AG29: =IFERROR(VLOOKUP($A$26&$C$5&$B29&$AG$4,TKB_LOP_CHECK!$B$65:$J$860,9,0),"") | AH29: =IFERROR(VLOOKUP($A$26&$D$5&$B29&$AG$4,TKB_LOP_CHECK!$B$65:$J$860,9,0),"") | AI29: =IFERROR(VLOOKUP($A$26&$C$5&$B29&$AI$4,TKB_LOP_CHECK!$B$65:$J$860,9,0),"") | AJ29: =IFERROR(VLOOKUP($A$26&$D$5&$B29&$AI$4,TKB_LOP_CHECK!$B$65:$J$860,9,0),"") | AK29: =IFERROR(VLOOKUP($A$26&$C$5&$B29&$AK$4,TKB_LOP_CHECK!$B$65:$J$860,9,0),"") -> Mĩ thuật -3A1 | AL29: =IFERROR(VLOOKUP($A$26&$D$5&$B29&$AK$4,TKB_LOP_CHECK!$B$65:$J$860,9,0),"") | AM29: =IFERROR(VLOOKUP($A$26&$C$5&$B29&$AM$4,TKB_LOP_CHECK!$B$65:$J$860,9,0),"") -> LS&ĐL -4C1 | AN29: =IFERROR(VLOOKUP($A$26&$D$5&$B29&$AM$4,TKB_LOP_CHECK!$B$65:$J$860,9,0),"") -> HĐTN -3C1 | AO29: =IFERROR(VLOOKUP($A$26&$C$5&$B29&$AO$4,TKB_LOP_CHECK!$B$65:$J$860,9,0),"") -> TViệt -2C1 | AP29: =IFERROR(VLOOKUP($A$26&$D$5&$B29&$AO$4,TKB_LOP_CHECK!$B$65:$J$860,9,0),"") -> HĐTN -2C1 | AQ29: =IFERROR(VLOOKUP($A$26&$C$5&$B29&$AQ$4,TKB_LOP_CHECK!$B$65:$J$860,9,0),"") | AR29: =IFERROR(VLOOKUP($A$26&$D$5&$B29&$AQ$4,TKB_LOP_CHECK!$B$65:$J$860,9,0),"") | AS29: =IFERROR(VLOOKUP($A$26&$C$5&$B29&$AS$4,TKB_LOP_CHECK!$B$65:$J$860,9,0),"") | AT29: =IFERROR(VLOOKUP($A$26&$D$5&$B29&$AS$4,TKB_LOP_CHECK!$B$65:$J$860,9,0),"") -> Toán -5C1 | AU29: =IFERROR(VLOOKUP($A$26&$C$5&$B29&$AU$4,TKB_LOP_CHECK!$B$65:$J$860,9,0),"") | AV29: =IFERROR(VLOOKUP($A$26&$D$5&$B29&$AU$4,TKB_LOP_CHECK!$B$65:$J$860,9,0),"") | AW29: =IFERROR(VLOOKUP($A$26&$C$5&$B29&$AW$4,TKB_LOP_CHECK!$B$65:$J$860,9,0),"") | AX29: =IFERROR(VLOOKUP($A$26&$D$5&$B29&$AW$4,TKB_LOP_CHECK!$B$65:$J$860,9,0),"") | AY29: =IFERROR(VLOOKUP($A$26&$C$5&$B29&$AY$4,TKB_LOP_CHECK!$B$65:$J$860,9,0),"") | AZ29: =IFERROR(VLOOKUP($A$26&$D$5&$B29&$AY$4,TKB_LOP_CHECK!$B$65:$J$860,9,0),"") | BA29: =IFERROR(VLOOKUP($A$26&$C$5&$B29&$BA$4,TKB_LOP_CHECK!$B$65:$J$860,9,0),"") | BB29: =IFERROR(VLOOKUP($A$26&$D$5&$B29&$BA$4,TKB_LOP_CHECK!$B$65:$J$860,9,0),"") | BC29: =IFERROR(VLOOKUP($A$26&$C$5&$B29&$BC$4,TKB_LOP_CHECK!$B$65:$J$860,9,0),"") | BD29: =IFERROR(VLOOKUP($A$26&$D$5&$B29&$BC$4,TKB_LOP_CHECK!$B$65:$J$860,9,0),"") | BE29: =IFERROR(VLOOKUP($A$26&$C$5&$B29&$BE$4,TKB_LOP_CHECK!$B$65:$J$860,9,0),"") | BF29: =IFERROR(VLOOKUP($A$26&$D$5&$B29&$BE$4,TKB_LOP_CHECK!$B$65:$J$860,9,0),"") | BG29: =IFERROR(VLOOKUP($A$26&$C$5&$B29&$BG$4,TKB_LOP_CHECK!$B$65:$J$860,9,0),"") | BH29: =IFERROR(VLOOKUP($A$26&$D$5&$B29&$BG$4,TKB_LOP_CHECK!$B$65:$J$860,9,0),"") | BI29: =IFERROR(VLOOKUP($A$26&$C$5&$B29&$BI$4,TKB_LOP_CHECK!$B$65:$J$860,9,0),"") | BJ29: =IFERROR(VLOOKUP($A$26&$D$5&$B29&$BI$4,TKB_LOP_CHECK!$B$65:$J$860,9,0),"") | BK29: =IFERROR(VLOOKUP($A$26&$C$5&$B29&$BK$4,TKB_LOP_CHECK!$B$65:$J$860,9,0),"") | BL29: =IFERROR(VLOOKUP($A$26&$D$5&$B29&$BK$4,TKB_LOP_CHECK!$B$65:$J$860,9,0),"") | BM29: =IFERROR(VLOOKUP($A$26&$C$5&$B29&$BM$4,TKB_LOP_CHECK!$B$65:$J$860,9,0),"") | BN29: =IFERROR(VLOOKUP($A$26&$D$5&$B29&$BM$4,TKB_LOP_CHECK!$B$65:$J$860,9,0),"") | BO29: =IFERROR(VLOOKUP($A$26&$C$5&$B29&$BO$4,TKB_LOP_CHECK!$A$65:$J$860,10,0),"") | BP29: =IFERROR(VLOOKUP($A$26&$D$5&$B29&$BO$4,TKB_LOP_CHECK!$A$65:$J$860,10,0),"") | BQ29: =IFERROR(VLOOKUP($A$26&$C$5&$B29&$BQ$4,TKB_LOP_CHECK!$A$65:$J$860,10,0),"") | BR29: =IFERROR(VLOOKUP($A$26&$D$5&$B29&$BQ$4,TKB_LOP_CHECK!$A$65:$J$860,10,0),"") | BS29: =IFERROR(VLOOKUP($A$26&$C$5&$B29&$BS$4,TKB_LOP_CHECK!$A$65:$J$860,10,0),"") | BT29: =IFERROR(VLOOKUP($A$26&$D$5&$B29&$BS$4,TKB_LOP_CHECK!$A$65:$J$860,10,0),"") | BU29: =IFERROR(VLOOKUP($A$26&$C$5&$B29&$BU$4,TKB_LOP_CHECK!$A$65:$J$860,10,0),"") | BV29: =IFERROR(VLOOKUP($A$26&$D$5&$B29&$BU$4,TKB_LOP_CHECK!$A$65:$J$860,10,0),"")
B30: 5 | C30: =IFERROR(VLOOKUP($A$26&$C$5&$B30&$C$4,TKB_LOP_CHECK!$B$65:$J$860,9,0),"") | D30: =IFERROR(VLOOKUP($A$26&$D$5&$B30&$C$4,TKB_LOP_CHECK!$B$65:$J$860,9,0),"") | E30: =IFERROR(VLOOKUP($A$26&$C$5&$B30&$E$4,TKB_LOP_CHECK!$B$65:$J$860,9,0),"") | F30: =IFERROR(VLOOKUP($A$26&$D$5&$B30&$E$4,TKB_LOP_CHECK!$B$65:$J$860,9,0),"") | G30: =IFERROR(VLOOKUP($A$26&$C$5&$B30&$G$4,TKB_LOP_CHECK!$B$65:$J$860,9,0),"") | H30: =IFERROR(VLOOKUP($A$26&$D$5&$B30&$G$4,TKB_LOP_CHECK!$B$65:$J$860,9,0),"") | I30: =IFERROR(VLOOKUP($A$26&$C$5&$B30&$I$4,TKB_LOP_CHECK!$B$65:$J$860,9,0),"") | J30: =IFERROR(VLOOKUP($A$26&$D$5&$B30&$I$4,TKB_LOP_CHECK!$B$65:$J$860,9,0),"") | K30: =IFERROR(VLOOKUP($A$26&$C$5&$B30&$K$4,TKB_LOP_CHECK!$B$65:$J$860,9,0),"") | L30: =IFERROR(VLOOKUP($A$26&$D$5&$B30&$K$4,TKB_LOP_CHECK!$B$65:$J$860,9,0),"") | M30: =IFERROR(VLOOKUP($A$26&$C$5&$B30&$M$4,TKB_LOP_CHECK!$B$65:$J$860,9,0),"") | N30: =IFERROR(VLOOKUP($A$26&$D$5&$B30&$M$4,TKB_LOP_CHECK!$B$65:$J$860,9,0),"") | O30: =IFERROR(VLOOKUP($A$26&$C$5&$B30&$O$4,TKB_LOP_CHECK!$B$65:$J$860,9,0),"") | P30: =IFERROR(VLOOKUP($A$26&$D$5&$B30&$O$4,TKB_LOP_CHECK!$B$65:$J$860,9,0),"") | Q30: =IFERROR(VLOOKUP($A$26&$C$5&$B30&$Q$4,TKB_LOP_CHECK!$B$65:$J$860,9,0),"") | R30: =IFERROR(VLOOKUP($A$26&$D$5&$B30&$Q$4,TKB_LOP_CHECK!$B$65:$J$860,9,0),"") | S30: =IFERROR(VLOOKUP($A$26&$C$5&$B30&$S$4,TKB_LOP_CHECK!$B$65:$J$860,9,0),"") | T30: =IFERROR(VLOOKUP($A$26&$D$5&$B30&$S$4,TKB_LOP_CHECK!$B$65:$J$860,9,0),"") | U30: =IFERROR(VLOOKUP($A$26&$C$5&$B30&$U$4,TKB_LOP_CHECK!$B$65:$J$860,9,0),"") | V30: =IFERROR(VLOOKUP($A$26&$D$5&$B30&$U$4,TKB_LOP_CHECK!$B$65:$J$860,9,0),"") | W30: =IFERROR(VLOOKUP($A$26&$C$5&$B30&$W$4,TKB_LOP_CHECK!$B$65:$J$860,9,0),"") | X30: =IFERROR(VLOOKUP($A$26&$D$5&$B30&$W$4,TKB_LOP_CHECK!$B$65:$J$860,9,0),"") | Y30: =IFERROR(VLOOKUP($A$26&$C$5&$B30&$Y$4,TKB_LOP_CHECK!$B$65:$J$860,9,0),"") | Z30: =IFERROR(VLOOKUP($A$26&$D$5&$B30&$Y$4,TKB_LOP_CHECK!$B$65:$J$860,9,0),"") | AA30: =IFERROR(VLOOKUP($A$26&$C$5&$B30&$AA$4,TKB_LOP_CHECK!$B$65:$J$860,9,0),"") | AB30: =IFERROR(VLOOKUP($A$26&$D$5&$B30&$AA$4,TKB_LOP_CHECK!$B$65:$J$860,9,0),"") | AC30: =IFERROR(VLOOKUP($A$26&$C$5&$B30&$AC$4,TKB_LOP_CHECK!$B$65:$J$860,9,0),"") | AD30: =IFERROR(VLOOKUP($A$26&$D$5&$B30&$AC$4,TKB_LOP_CHECK!$B$65:$J$860,9,0),"") | AE30: =IFERROR(VLOOKUP($A$26&$C$5&$B30&$AE$4,TKB_LOP_CHECK!$B$65:$J$860,9,0),"") | AF30: =IFERROR(VLOOKUP($A$26&$D$5&$B30&$AE$4,TKB_LOP_CHECK!$B$65:$J$860,9,0),"") | AG30: =IFERROR(VLOOKUP($A$26&$C$5&$B30&$AG$4,TKB_LOP_CHECK!$B$65:$J$860,9,0),"") | AH30: =IFERROR(VLOOKUP($A$26&$D$5&$B30&$AG$4,TKB_LOP_CHECK!$B$65:$J$860,9,0),"") | AI30: =IFERROR(VLOOKUP($A$26&$C$5&$B30&$AI$4,TKB_LOP_CHECK!$B$65:$J$860,9,0),"") | AJ30: =IFERROR(VLOOKUP($A$26&$D$5&$B30&$AI$4,TKB_LOP_CHECK!$B$65:$J$860,9,0),"") | AK30: =IFERROR(VLOOKUP($A$26&$C$5&$B30&$AK$4,TKB_LOP_CHECK!$B$65:$J$860,9,0),"") | AL30: =IFERROR(VLOOKUP($A$26&$D$5&$B30&$AK$4,TKB_LOP_CHECK!$B$65:$J$860,9,0),"") | AM30: =IFERROR(VLOOKUP($A$26&$C$5&$B30&$AM$4,TKB_LOP_CHECK!$B$65:$J$860,9,0),"") | AN30: =IFERROR(VLOOKUP($A$26&$D$5&$B30&$AM$4,TKB_LOP_CHECK!$B$65:$J$860,9,0),"") | AO30: =IFERROR(VLOOKUP($A$26&$C$5&$B30&$AO$4,TKB_LOP_CHECK!$B$65:$J$860,9,0),"") | AP30: =IFERROR(VLOOKUP($A$26&$D$5&$B30&$AO$4,TKB_LOP_CHECK!$B$65:$J$860,9,0),"") | AQ30: =IFERROR(VLOOKUP($A$26&$C$5&$B30&$AQ$4,TKB_LOP_CHECK!$B$65:$J$860,9,0),"") | AR30: =IFERROR(VLOOKUP($A$26&$D$5&$B30&$AQ$4,TKB_LOP_CHECK!$B$65:$J$860,9,0),"") | AS30: =IFERROR(VLOOKUP($A$26&$C$5&$B30&$AS$4,TKB_LOP_CHECK!$B$65:$J$860,9,0),"") | AT30: =IFERROR(VLOOKUP($A$26&$D$5&$B30&$AS$4,TKB_LOP_CHECK!$B$65:$J$860,9,0),"") | AU30: =IFERROR(VLOOKUP($A$26&$C$5&$B30&$AU$4,TKB_LOP_CHECK!$B$65:$J$860,9,0),"") | AV30: =IFERROR(VLOOKUP($A$26&$D$5&$B30&$AU$4,TKB_LOP_CHECK!$B$65:$J$860,9,0),"") | AW30: =IFERROR(VLOOKUP($A$26&$C$5&$B30&$AW$4,TKB_LOP_CHECK!$B$65:$J$860,9,0),"") | AX30: =IFERROR(VLOOKUP($A$26&$D$5&$B30&$AW$4,TKB_LOP_CHECK!$B$65:$J$860,9,0),"") | AY30: =IFERROR(VLOOKUP($A$26&$C$5&$B30&$AY$4,TKB_LOP_CHECK!$B$65:$J$860,9,0),"") | AZ30: =IFERROR(VLOOKUP($A$26&$D$5&$B30&$AY$4,TKB_LOP_CHECK!$B$65:$J$860,9,0),"") | BA30: =IFERROR(VLOOKUP($A$26&$C$5&$B30&$BA$4,TKB_LOP_CHECK!$B$65:$J$860,9,0),"") | BB30: =IFERROR(VLOOKUP($A$26&$D$5&$B30&$BA$4,TKB_LOP_CHECK!$B$65:$J$860,9,0),"") | BC30: =IFERROR(VLOOKUP($A$26&$C$5&$B30&$BC$4,TKB_LOP_CHECK!$B$65:$J$860,9,0),"") | BD30: =IFERROR(VLOOKUP($A$26&$D$5&$B30&$BC$4,TKB_LOP_CHECK!$B$65:$J$860,9,0),"") | BE30: =IFERROR(VLOOKUP($A$26&$C$5&$B30&$BE$4,TKB_LOP_CHECK!$B$65:$J$860,9,0),"") | BF30: =IFERROR(VLOOKUP($A$26&$D$5&$B30&$BE$4,TKB_LOP_CHECK!$B$65:$J$860,9,0),"") | BG30: =IFERROR(VLOOKUP($A$26&$C$5&$B30&$BG$4,TKB_LOP_CHECK!$B$65:$J$860,9,0),"") | BH30: =IFERROR(VLOOKUP($A$26&$D$5&$B30&$BG$4,TKB_LOP_CHECK!$B$65:$J$860,9,0),"") | BI30: =IFERROR(VLOOKUP($A$26&$C$5&$B30&$BI$4,TKB_LOP_CHECK!$B$65:$J$860,9,0),"") | BJ30: =IFERROR(VLOOKUP($A$26&$D$5&$B30&$BI$4,TKB_LOP_CHECK!$B$65:$J$860,9,0),"") | BK30: =IFERROR(VLOOKUP($A$26&$C$5&$B30&$BK$4,TKB_LOP_CHECK!$B$65:$J$860,9,0),"") | BL30: =IFERROR(VLOOKUP($A$26&$D$5&$B30&$BK$4,TKB_LOP_CHECK!$B$65:$J$860,9,0),"") | BM30: =IFERROR(VLOOKUP($A$26&$C$5&$B30&$BM$4,TKB_LOP_CHECK!$B$65:$J$860,9,0),"") | BN30: =IFERROR(VLOOKUP($A$26&$D$5&$B30&$BM$4,TKB_LOP_CHECK!$B$65:$J$860,9,0),"") | BO30: =IFERROR(VLOOKUP($A$26&$C$5&$B30&$BO$4,TKB_LOP_CHECK!$A$65:$J$860,10,0),"") | BP30: =IFERROR(VLOOKUP($A$26&$D$5&$B30&$BO$4,TKB_LOP_CHECK!$A$65:$J$860,10,0),"") | BQ30: =IFERROR(VLOOKUP($A$26&$C$5&$B30&$BQ$4,TKB_LOP_CHECK!$A$65:$J$860,10,0),"") | BR30: =IFERROR(VLOOKUP($A$26&$D$5&$B30&$BQ$4,TKB_LOP_CHECK!$A$65:$J$860,10,0),"") | BS30: =IFERROR(VLOOKUP($A$26&$C$5&$B30&$BS$4,TKB_LOP_CHECK!$A$65:$J$860,10,0),"") | BT30: =IFERROR(VLOOKUP($A$26&$D$5&$B30&$BS$4,TKB_LOP_CHECK!$A$65:$J$860,10,0),"") | BU30: =IFERROR(VLOOKUP($A$26&$C$5&$B30&$BU$4,TKB_LOP_CHECK!$A$65:$J$860,10,0),"") | BV30: =IFERROR(VLOOKUP($A$26&$D$5&$B30&$BU$4,TKB_LOP_CHECK!$A$65:$J$860,10,0),"")
A31: 7 | B31: 1
B32: 2
B33: 3
B34: 4
B35: 5

Sheet TKB_LOP_CHECK
E1: Tiểu học và THCS UNIGO Năm học 2024 - 2025 Học kỳ 2
AB2: Check trùng | AU2: CHECK GVNN TRỢ GIẢNG | CG2: CHECK Tiết trùng GVVN | DG2: CHECK Tiết trùng GVNN
E4: THỨ | G4: TIẾT | H4: 1A1 | I4: 1C1 | J4: 2A1 | K4: 2C1 | L4: 3A1 | M4: 3C1 | N4: 4C1 | O4: 5C1 | P4: 6A1 | Q4: 7A1 | R4: 8A1 | S4: TTH1 | T4: TTH2 | U4: Lớp mới | V4: Lớp mới | W4: Lớp mới | X4: Lớp mới | Y4: Lớp mới | Z4: THỨ | AB4: TIẾT | AC4: 1A1 | AD4: 1C1 | AE4: 2A1 | AF4: 2C1 | AG4: 3A1 | AH4: 3C1 | AI4: 4C1 | AJ4: 5C1 | AK4: 6A1 | AL4: 7A1 | AM4: 8A1 | AN4: TTH1 | AO4: TTH2 | AP4: Lớp mới | AQ4: Lớp mới | AR4: Lớp mới | AS4: Lớp mới | AT4: Lớp mới | AU4: THỨ | AW4: TIẾT | AX4: 1A1 | AY4: 1C1 | AZ4: 2A1 | BA4: 2C1 | BB4: 3A1 | BC4: 3C1 | BD4: 4C1 | BE4: 5C1 | BF4: 6A1 | BG4: 7A1 | BH4: 8A1 | BI4: TTH1 | BJ4: TTH2 | BK4: Lớp mới | BL4: Lớp mới | BM4: Lớp mới | BN4: Lớp mới | BO4: Lớp mới | BP4: THỨ | BR4: TIẾT | BS4: 1A1 | BT4: 1C1 | BU4: 2A1 | BV4: 2C1 | BW4: 3A1 | BX4: 3C1 | BY4: 4C1 | BZ4: 5C1 | CA4: 6A1 | CB4: 7A1 | CC4: 8A1 | CD4: TTH1 | CE4: TTH2 | CG4: THỨ | CI4: TIẾT | CJ4: 1A1 | CK4: 1C1 | CL4: 2A1 | CM4: 2C1 | CN4: 3A1 | CO4: 3C1 | CP4: 4C1 | CQ4: 5C1 | CR4: 6A1 | CS4: 7A1 | CT4: 8A1 | CU4: TTH1 | CV4: TTH2 | CW4: Lớp mới | CX4: Lớp mới | CY4: Lớp mới | CZ4: Lớp mới | DA4: Lớp mới | DG4: THỨ | DI4: TIẾT | DJ4: 1A1 | DK4: 1C1 | DL4: 2A1 | DM4: 2C1 | DN4: 3A1 | DO4: 3C1 | DP4: 4C1 | DQ4: 5C1 | DR4: 6A1 | DS4: 7A1 | DT4: 8A1 | DU4: TTH1 | DV4: TTH2 | DW4: Lớp mới | DX4: Lớp mới | DY4: Lớp mới | DZ4: Lớp mới | EA4: Lớp mới
E6: 2 | F6: Sáng | G6: 1 | H6: =TKB_LOP_SC!C6 -> Đạo đức - Ngọc Ánh | I6: =TKB_LOP_SC!E6 -> Đạo đức - Nhi | J6: =TKB_LOP_SC!G6 -> Đạo đức - Linh TH | K6: =TKB_LOP_SC!I6 -> Đạo đức - Xuân | L6: =TKB_LOP_SC!M6 -> HĐTN - Ngọc | M6: =TKB_LOP_SC!O6 -> Đạo đức - Ly | N6: =TKB_LOP_SC!Q6 -> GVVN - Quỳnh | O6: =TKB_LOP_SC!S6 -> HĐTN - Chi | P6: =TKB_LOP_SC!W6 -> LS&ĐL - Hà | Q6: =TKB_LOP_SC!Y6 -> GDĐP - Ánh NV | R6: =TKB_LOP_SC!AA6 -> Toán - Tân | S6: =TKB_LOP_SC!AC6 -> SH tập thể - Hiền | T6: =TKB_LOP_SC!AE6 -> SH tập thể - MN1 | U6: =TKB_LOP_SC!AI6 -> SH tập thể - MN2 | V6: =TKB_LOP_SC!AK6 -> 0 | W6: =TKB_LOP_SC!AM6 -> 0 | X6: =TKB_LOP_SC!AO6 -> GVNN - Aziz, Dung | Y6: =TKB_LOP_SC!AQ6 -> 0 | Z6: 2 | AA6: Sáng | AB6: 1 | AC6: =IFERROR(LEFT(AX6,FIND(",",AX6)-1),"") | AD6: =IFERROR(LEFT(AY6,FIND(",",AY6)-1),"") | AE6: =IFERROR(LEFT(AZ6,FIND(",",AZ6)-1),"") | AF6: =IFERROR(LEFT(BA6,FIND(",",BA6)-1),"") | AG6: =IFERROR(LEFT(BB6,FIND(",",BB6)-1),"") | AH6: =IFERROR(LEFT(BC6,FIND(",",BC6)-1),"") | AI6: =IFERROR(LEFT(BD6,FIND(",",BD6)-1),"") | AJ6: =IFERROR(LEFT(BE6,FIND(",",BE6)-1),"") | ... AP6: =IFERROR(LEFT(BK6,FIND(",",BK6)-1),"") | AQ6: =IFERROR(LEFT(BP6,FIND(",",BP6)-1),"") | AR6: =IFERROR(LEFT(BQ6,FIND(",",BQ6)-1),"") | AS6: =IFERROR(LEFT(BR6,FIND(",",BR6)-1),"") | AT6: =IFERROR(LEFT(BS6,FIND(",",BS6)-1),"") | AU6: 2 | AV6: Sáng | AW6: 1 | AX6: =IFERROR(RIGHT(H6,LEN(H6)-FIND("-",H6)-1),"") -> Ngọc Ánh | AY6: =IFERROR(RIGHT(I6,LEN(I6)-FIND("-",I6)-1),"") -> Nhi | AZ6: =IFERROR(RIGHT(J6,LEN(J6)-FIND("-",J6)-1),"") -> Linh TH | BA6: =IFERROR(RIGHT(K6,LEN(K6)-FIND("-",K6)-1),"") -> Xuân | BB6: =IFERROR(RIGHT(L6,LEN(L6)-FIND("-",L6)-1),"") -> Ngọc | BC6: =IFERROR(RIGHT(M6,LEN(M6)-FIND("-",M6)-1),"") -> Ly | BD6: =IFERROR(RIGHT(N6,LEN(N6)-FIND("-",N6)-1),"") -> Quỳnh | BE6: =IFERROR(RIGHT(O6,LEN(O6)-FIND("-",O6)-1),"") -> Chi | ... BO6: =IFERROR(RIGHT(Y6,LEN(Y6)-FIND("-",Y6)-1),"") | BP6: 2 | BQ6: Sáng | BR6: 1 | BS6: =IFERROR(RIGHT(AX6,LEN(AX6)-FIND(",",AX6)-1),AX6) -> Ngọc Ánh | BT6: =IFERROR(RIGHT(AY6,LEN(AY6)-FIND(",",AY6)-1),AY6) -> Nhi | BU6: =IFERROR(RIGHT(AZ6,LEN(AZ6)-FIND(",",AZ6)-1),AZ6) -> Linh TH | BV6: =IFERROR(RIGHT(BA6,LEN(BA6)-FIND(",",BA6)-1),BA6) -> Xuân | BW6: =IFERROR(RIGHT(BB6,LEN(BB6)-FIND(",",BB6)-1),BB6) -> Ngọc | BX6: =IFERROR(RIGHT(BC6,LEN(BC6)-FIND(",",BC6)-1),BC6) -> Ly | BY6: =IFERROR(RIGHT(BD6,LEN(BD6)-FIND(",",BD6)-1),BD6) -> Quỳnh | BZ6: =IFERROR(RIGHT(BE6,LEN(BE6)-FIND(",",BE6)-1),BE6) -> Chi | ... CE6: =IFERROR(RIGHT(BJ6,LEN(BJ6)-FIND(",",BJ6)-1),BJ6) -> MN1 | CG6: 2 | CH6: Sáng | CI6: 1 | CJ6: =IF(BS6="","",COUNTIF($BS6:$CE6,BS6)) -> 1 | CK6: =IF(BT6="","",COUNTIF($BS6:$CE6,BT6)) -> 1 | CL6: =IF(BU6="","",COUNTIF($BS6:$CE6,BU6)) -> 1 | CM6: =IF(BV6="","",COUNTIF($BS6:$CE6,BV6)) -> 1 | CN6: =IF(BW6="","",COUNTIF($BS6:$CE6,BW6)) -> 1 | CO6: =IF(BX6="","",COUNTIF($BS6:$CE6,BX6)) -> 1 | CP6: =IF(BY6="","",COUNTIF($BS6:$CE6,BY6)) -> 1 | CQ6: =IF(BZ6="","",COUNTIF($BS6:$CE6,BZ6)) -> 1 | ... DA6: =IF(CJ6="","",COUNTIF($BS6:$CE6,CJ6)) -> 0 | DG6: 2 | DH6: Sáng | DI6: 1 | DJ6: =IF(AC6="","",COUNTIF($AC6:$AO6,AC6)) | DK6: =IF(AD6="","",COUNTIF($AC6:$AO6,AD6)) | DL6: =IF(AE6="","",COUNTIF($AC6:$AO6,AE6)) | DM6: =IF(AF6="","",COUNTIF($AC6:$AO6,AF6)) | DN6: =IF(AG6="","",COUNTIF($AC6:$AO6,AG6)) | DO6: =IF(AH6="","",COUNTIF($AC6:$AO6,AH6)) | DP6: =IF(AI6="","",COUNTIF($AC6:$AO6,AI6)) | DQ6: =IF(AJ6="","",COUNTIF($AC6:$AO6,AJ6)) | ... EA6: =IF(AT6="","",COUNTIF($AC6:$AO6,AT6))
G7: 2 | H7: =TKB_LOP_SC!C7 -> GVVN - Trang | I7: =TKB_LOP_SC!E7 -> GVNN - Tay, Huyền | J7: =TKB_LOP_SC!G7 -> TViệt - Linh TH | K7: =TKB_LOP_SC!I7 -> GVVN - Trà | L7: =TKB_LOP_SC!M7 -> Viết sáng tạo - Xuân | M7: =TKB_LOP_SC!O7 -> Toán - Chi | N7: =TKB_LOP_SC!Q7 -> TViệt - Ly | O7: =TKB_LOP_SC!S7 -> Science - Bích | P7: =TKB_LOP_SC!W7 -> GVVN - Chánh | Q7: =TKB_LOP_SC!Y7 -> Nhạc - Trang ÂN | R7: =TKB_LOP_SC!AA7 -> GVVN - Quỳnh | S7: =TKB_LOP_SC!AC7 -> Đọc sách - Hiền | T7: =TKB_LOP_SC!AE7 -> Đọc sách - MN1 | U7: =TKB_LOP_SC!AI7 -> TViệt - MN2 | V7: =TKB_LOP_SC!AK7 -> GVNN - Aziz Quỳnh | W7: =TKB_LOP_SC!AM7 -> 0 | X7: =TKB_LOP_SC!AO7 -> GVVN - Linh | Y7: =TKB_LOP_SC!AQ7 -> 0 | AB7: 2 | AC7: =IFERROR(LEFT(AX7,FIND(",",AX7)-1),"") | AD7: =IFERROR(LEFT(AY7,FIND(",",AY7)-1),"") -> Tay | AE7: =IFERROR(LEFT(AZ7,FIND(",",AZ7)-1),"") | AF7: =IFERROR(LEFT(BA7,FIND(",",BA7)-1),"") | AG7: =IFERROR(LEFT(BB7,FIND(",",BB7)-1),"") | AH7: =IFERROR(LEFT(BC7,FIND(",",BC7)-1),"") | AI7: =IFERROR(LEFT(BD7,FIND(",",BD7)-1),"") | AJ7: =IFERROR(LEFT(BE7,FIND(",",BE7)-1),"") | ... AP7: =IFERROR(LEFT(BK7,FIND(",",BK7)-1),"") | AQ7: =IFERROR(LEFT(BP7,FIND(",",BP7)-1),"") | AR7: =IFERROR(LEFT(BQ7,FIND(",",BQ7)-1),"") | AS7: =IFERROR(LEFT(BR7,FIND(",",BR7)-1),"") | AT7: =IFERROR(LEFT(BS7,FIND(",",BS7)-1),"") | AW7: 2 | AX7: =IFERROR(RIGHT(H7,LEN(H7)-FIND("-",H7)-1),"") -> Trang | AY7: =IFERROR(RIGHT(I7,LEN(I7)-FIND("-",I7)-1),"") -> Tay, Huyền | AZ7: =IFERROR(RIGHT(J7,LEN(J7)-FIND("-",J7)-1),"") -> Linh TH | BA7: =IFERROR(RIGHT(K7,LEN(K7)-FIND("-",K7)-1),"") -> Trà | BB7: =IFERROR(RIGHT(L7,LEN(L7)-FIND("-",L7)-1),"") -> Xuân | BC7: =IFERROR(RIGHT(M7,LEN(M7)-FIND("-",M7)-1),"") -> Chi | BD7: =IFERROR(RIGHT(N7,LEN(N7)-FIND("-",N7)-1),"") -> Ly | BE7: =IFERROR(RIGHT(O7,LEN(O7)-FIND("-",O7)-1),"") -> Bích | ... BO7: =IFERROR(RIGHT(Y7,LEN(Y7)-FIND("-",Y7)-1),"") | BR7: 2 | BS7: =IFERROR(RIGHT(AX7,LEN(AX7)-FIND(",",AX7)-1),AX7) -> Trang | BT7: =IFERROR(RIGHT(AY7,LEN(AY7)-FIND(",",AY7)-1),AY7) -> Huyền | BU7: =IFERROR(RIGHT(AZ7,LEN(AZ7)-FIND(",",AZ7)-1),AZ7) -> Linh TH | BV7: =IFERROR(RIGHT(BA7,LEN(BA7)-FIND(",",BA7)-1),BA7) -> Trà | BW7: =IFERROR(RIGHT(BB7,LEN(BB7)-FIND(",",BB7)-1),BB7) -> Xuân | BX7: =IFERROR(RIGHT(BC7,LEN(BC7)-FIND(",",BC7)-1),BC7) -> Chi | BY7: =IFERROR(RIGHT(BD7,LEN(BD7)-FIND(",",BD7)-1),BD7) -> Ly | BZ7: =IFERROR(RIGHT(BE7,LEN(BE7)-FIND(",",BE7)-1),BE7) -> Bích | ... CE7: =IFERROR(RIGHT(BJ7,LEN(BJ7)-FIND(",",BJ7)-1),BJ7) -> MN1 | CI7: 2 | CJ7: =IF(BS7="","",COUNTIF($BS7:$CE7,BS7)) -> 1 | CK7: =IF(BT7="","",COUNTIF($BS7:$CE7,BT7)) -> 1 | CL7: =IF(BU7="","",COUNTIF($BS7:$CE7,BU7)) -> 1 | CM7: =IF(BV7="","",COUNTIF($BS7:$CE7,BV7)) -> 1 | CN7: =IF(BW7="","",COUNTIF($BS7:$CE7,BW7)) -> 1 | CO7: =IF(BX7="","",COUNTIF($BS7:$CE7,BX7)) -> 1 | CP7: =IF(BY7="","",COUNTIF($BS7:$CE7,BY7)) -> 1 | CQ7: =IF(BZ7="","",COUNTIF($BS7:$CE7,BZ7)) -> 1 | ... DA7: =IF(CJ7="","",COUNTIF($BS7:$CE7,CJ7)) -> 0 | DI7: 2 | DJ7: =IF(AC7="","",COUNTIF($AC7:$AO7,AC7)) | DK7: =IF(AD7="","",COUNTIF($AC7:$AO7,AD7)) -> 1 | DL7: =IF(AE7="","",COUNTIF($AC7:$AO7,AE7)) | DM7: =IF(AF7="","",COUNTIF($AC7:$AO7,AF7)) | DN7: =IF(AG7="","",COUNTIF($AC7:$AO7,AG7)) | DO7: =IF(AH7="","",COUNTIF($AC7:$AO7,AH7)) | DP7: =IF(AI7="","",COUNTIF($AC7:$AO7,AI7)) | DQ7: =IF(AJ7="","",COUNTIF($AC7:$AO7,AJ7)) | ... EA7: =IF(AT7="","",COUNTIF($AC7:$AO7,AT7))
G8: 3 | H8: =TKB_LOP_SC!C8 -> Toán - Ngọc Ánh | I8: =TKB_LOP_SC!E8 -> Nhạc - Trang ÂN | J8: =TKB_LOP_SC!G8 -> TViệt - Linh TH | K8: =TKB_LOP_SC!I8 -> TViệt - Xuân | L8: =TKB_LOP_SC!M8 -> TViệt - Ngọc | M8: =TKB_LOP_SC!O8 -> TViệt - Ly | N8: =TKB_LOP_SC!Q8 -> HĐTN - Phương Anh | O8: =TKB_LOP_SC!S8 -> Toán - Chi | P8: =TKB_LOP_SC!W8 -> GVNN - Tay, Chánh | Q8: =TKB_LOP_SC!Y8 -> Toán - Tân | R8: =TKB_LOP_SC!AA8 -> LS&ĐL - Hà | S8: =TKB_LOP_SC!AC8 -> GVVN - Huyền | T8: =TKB_LOP_SC!AE8 -> GDTC - Hồng | U8: =TKB_LOP_SC!AI8 -> Toán - MN2 | V8: =TKB_LOP_SC!AK8 -> 0 | W8: =TKB_LOP_SC!AM8 -> GVNN - Aziz, Ngân | X8: =TKB_LOP_SC!AO8 -> 0 | Y8: =TKB_LOP_SC!AQ8 -> GVVN - Linh | AB8: 3 | AC8: =IFERROR(LEFT(AX8,FIND(",",AX8)-1),"") | AD8: =IFERROR(LEFT(AY8,FIND(",",AY8)-1),"") | AE8: =IFERROR(LEFT(AZ8,FIND(",",AZ8)-1),"") | AF8: =IFERROR(LEFT(BA8,FIND(",",BA8)-1),"") | AG8: =IFERROR(LEFT(BB8,FIND(",",BB8)-1),"") | AH8: =IFERROR(LEFT(BC8,FIND(",",BC8)-1),"") | AI8: =IFERROR(LEFT(BD8,FIND(",",BD8)-1),"") | AJ8: =IFERROR(LEFT(BE8,FIND(",",BE8)-1),"") | ... AP8: =IFERROR(LEFT(BK8,FIND(",",BK8)-1),"") | AQ8: =IFERROR(LEFT(BP8,FIND(",",BP8)-1),"") | AR8: =IFERROR(LEFT(BQ8,FIND(",",BQ8)-1),"") | AS8: =IFERROR(LEFT(BR8,FIND(",",BR8)-1),"") | AT8: =IFERROR(LEFT(BS8,FIND(",",BS8)-1),"") | AW8: 3 | AX8: =IFERROR(RIGHT(H8,LEN(H8)-FIND("-",H8)-1),"") -> Ngọc Ánh | AY8: =IFERROR(RIGHT(I8,LEN(I8)-FIND("-",I8)-1),"") -> Trang ÂN | AZ8: =IFERROR(RIGHT(J8,LEN(J8)-FIND("-",J8)-1),"") -> Linh TH | BA8: =IFERROR(RIGHT(K8,LEN(K8)-FIND("-",K8)-1),"") -> Xuân | BB8: =IFERROR(RIGHT(L8,LEN(L8)-FIND("-",L8)-1),"") -> Ngọc | BC8: =IFERROR(RIGHT(M8,LEN(M8)-FIND("-",M8)-1),"") -> Ly | BD8: =IFERROR(RIGHT(N8,LEN(N8)-FIND("-",N8)-1),"") -> Phương Anh | BE8: =IFERROR(RIGHT(O8,LEN(O8)-FIND("-",O8)-1),"") -> Chi | ... BO8: =IFERROR(RIGHT(Y8,LEN(Y8)-FIND("-",Y8)-1),"") -> Linh | BR8: 3 | BS8: =IFERROR(RIGHT(AX8,LEN(AX8)-FIND(",",AX8)-1),AX8) -> Ngọc Ánh | BT8: =IFERROR(RIGHT(AY8,LEN(AY8)-FIND(",",AY8)-1),AY8) -> Trang ÂN | BU8: =IFERROR(RIGHT(AZ8,LEN(AZ8)-FIND(",",AZ8)-1),AZ8) -> Linh TH | BV8: =IFERROR(RIGHT(BA8,LEN(BA8)-FIND(",",BA8)-1),BA8) -> Xuân | BW8: =IFERROR(RIGHT(BB8,LEN(BB8)-FIND(",",BB8)-1),BB8) -> Ngọc | BX8: =IFERROR(RIGHT(BC8,LEN(BC8)-FIND(",",BC8)-1),BC8) -> Ly | BY8: =IFERROR(RIGHT(BD8,LEN(BD8)-FIND(",",BD8)-1),BD8) -> Phương Anh | BZ8: =IFERROR(RIGHT(BE8,LEN(BE8)-FIND(",",BE8)-1),BE8) -> Chi | ... CE8: =IFERROR(RIGHT(BJ8,LEN(BJ8)-FIND(",",BJ8)-1),BJ8) -> Hồng | CI8: 3 | CJ8: =IF(BS8="","",COUNTIF($BS8:$CE8,BS8)) -> 1 | CK8: =IF(BT8="","",COUNTIF($BS8:$CE8,BT8)) -> 1 | CL8: =IF(BU8="","",COUNTIF($BS8:$CE8,BU8)) -> 1 | CM8: =IF(BV8="","",COUNTIF($BS8:$CE8,BV8)) -> 1 | CN8: =IF(BW8="","",COUNTIF($BS8:$CE8,BW8)) -> 1 | CO8: =IF(BX8="","",COUNTIF($BS8:$CE8,BX8)) -> 1 | CP8: =IF(BY8="","",COUNTIF($BS8:$CE8,BY8)) -> 1 | CQ8: =IF(BZ8="","",COUNTIF($BS8:$CE8,BZ8)) -> 1 | ... DA8: =IF(CJ8="","",COUNTIF($BS8:$CE8,CJ8)) -> 0 | DI8: 3 | DJ8: =IF(AC8="","",COUNTIF($AC8:$AO8,AC8)) | DK8: =IF(AD8="","",COUNTIF($AC8:$AO8,AD8)) | DL8: =IF(AE8="","",COUNTIF($AC8:$AO8,AE8)) | DM8: =IF(AF8="","",COUNTIF($AC8:$AO8,AF8)) | DN8: =IF(AG8="","",COUNTIF($AC8:$AO8,AG8)) | DO8: =IF(AH8="","",COUNTIF($AC8:$AO8,AH8)) | DP8: =IF(AI8="","",COUNTIF($AC8:$AO8,AI8)) | DQ8: =IF(AJ8="","",COUNTIF($AC8:$AO8,AJ8)) | ... EA8: =IF(AT8="","",COUNTIF($AC8:$AO8,AT8))
G9: 4 | H9: =TKB_LOP_SC!C9 -> Tin - Nguyên | I9: =TKB_LOP_SC!E9 -> Science - Trà | J9: =TKB_LOP_SC!G9 -> GVVN - Trang | K9: =TKB_LOP_SC!I9 -> TViệt - Xuân | L9: =TKB_LOP_SC!M9 -> TNXH - Nhi | M9: =TKB_LOP_SC!O9 -> Toán - Chi | N9: =TKB_LOP_SC!Q9 -> GVNN - Tay, Quỳnh | O9: =TKB_LOP_SC!S9 -> TViệt - Ngọc | P9: =TKB_LOP_SC!W9 -> Nhạc - Trang ÂN | Q9: =TKB_LOP_SC!Y9 -> GVVN - Chánh | R9: =TKB_LOP_SC!AA9 -> Văn - Ánh NV | S9: =TKB_LOP_SC!AC9 -> GVNN - Aziz, Huyền | T9: =TKB_LOP_SC!AE9 -> GDTC - Hồng | U9: =TKB_LOP_SC!AI9 -> Toán - MN2 | V9: =TKB_LOP_SC!AK9 -> 0 | W9: =TKB_LOP_SC!AM9 -> 0 | X9: =TKB_LOP_SC!AO9 -> 0 | Y9: =TKB_LOP_SC!AQ9 -> 0 | AB9: 4 | AC9: =IFERROR(LEFT(AX9,FIND(",",AX9)-1),"") | AD9: =IFERROR(LEFT(AY9,FIND(",",AY9)-1),"") | AE9: =IFERROR(LEFT(AZ9,FIND(",",AZ9)-1),"") | AF9: =IFERROR(LEFT(BA9,FIND(",",BA9)-1),"") | AG9: =IFERROR(LEFT(BB9,FIND(",",BB9)-1),"") | AH9: =IFERROR(LEFT(BC9,FIND(",",BC9)-1),"") | AI9: =IFERROR(LEFT(BD9,FIND(",",BD9)-1),"") -> Tay | AJ9: =IFERROR(LEFT(BE9,FIND(",",BE9)-1),"") | ... AP9: =IFERROR(LEFT(BK9,FIND(",",BK9)-1),"") | AQ9: =IFERROR(LEFT(BP9,FIND(",",BP9)-1),"") | AR9: =IFERROR(LEFT(BQ9,FIND(",",BQ9)-1),"") | AS9: =IFERROR(LEFT(BR9,FIND(",",BR9)-1),"") | AT9: =IFERROR(LEFT(BS9,FIND(",",BS9)-1),"") | AW9: 4 | AX9: =IFERROR(RIGHT(H9,LEN(H9)-FIND("-",H9)-1),"") -> Nguyên | AY9: =IFERROR(RIGHT(I9,LEN(I9)-FIND("-",I9)-1),"") -> Trà | AZ9: =IFERROR(RIGHT(J9,LEN(J9)-FIND("-",J9)-1),"") -> Trang | BA9: =IFERROR(RIGHT(K9,LEN(K9)-FIND("-",K9)-1),"") -> Xuân | BB9: =IFERROR(RIGHT(L9,LEN(L9)-FIND("-",L9)-1),"") -> Nhi | BC9: =IFERROR(RIGHT(M9,LEN(M9)-FIND("-",M9)-1),"") -> Chi | BD9: =IFERROR(RIGHT(N9,LEN(N9)-FIND("-",N9)-1),"") -> Tay, Quỳnh | BE9: =IFERROR(RIGHT(O9,LEN(O9)-FIND("-",O9)-1),"") -> Ngọc | ... BO9: =IFERROR(RIGHT(Y9,LEN(Y9)-FIND("-",Y9)-1),"") | BR9: 4 | BS9: =IFERROR(RIGHT(AX9,LEN(AX9)-FIND(",",AX9)-1),AX9) -> Nguyên | BT9: =IFERROR(RIGHT(AY9,LEN(AY9)-FIND(",",AY9)-1),AY9) -> Trà | BU9: =IFERROR(RIGHT(AZ9,LEN(AZ9)-FIND(",",AZ9)-1),AZ9) -> Trang | BV9: =IFERROR(RIGHT(BA9,LEN(BA9)-FIND(",",BA9)-1),BA9) -> Xuân | BW9: =IFERROR(RIGHT(BB9,LEN(BB9)-FIND(",",BB9)-1),BB9) -> Nhi | BX9: =IFERROR(RIGHT(BC9,LEN(BC9)-FIND(",",BC9)-1),BC9) -> Chi | BY9: =IFERROR(RIGHT(BD9,LEN(BD9)-FIND(",",BD9)-1),BD9) -> Quỳnh | BZ9: =IFERROR(RIGHT(BE9,LEN(BE9)-FIND(",",BE9)-1),BE9) -> Ngọc | ... CE9: =IFERROR(RIGHT(BJ9,LEN(BJ9)-FIND(",",BJ9)-1),BJ9) -> Hồng | CI9: 4 | CJ9: =IF(BS9="","",COUNTIF($BS9:$CE9,BS9)) -> 1 | CK9: =IF(BT9="","",COUNTIF($BS9:$CE9,BT9)) -> 1 | CL9: =IF(BU9="","",COUNTIF($BS9:$CE9,BU9)) -> 1 | CM9: =IF(BV9="","",COUNTIF($BS9:$CE9,BV9)) -> 1 | CN9: =IF(BW9="","",COUNTIF($BS9:$CE9,BW9)) -> 1 | CO9: =IF(BX9="","",COUNTIF($BS9:$CE9,BX9)) -> 1 | CP9: =IF(BY9="","",COUNTIF($BS9:$CE9,BY9)) -> 1 | CQ9: =IF(BZ9="","",COUNTIF($BS9:$CE9,BZ9)) -> 1 | ... DA9: =IF(CJ9="","",COUNTIF($BS9:$CE9,CJ9)) -> 0 | DI9: 4 | DJ9: =IF(AC9="","",COUNTIF($AC9:$AO9,AC9)) | DK9: =IF(AD9="","",COUNTIF($AC9:$AO9,AD9)) | DL9: =IF(AE9="","",COUNTIF($AC9:$AO9,AE9)) | DM9: =IF(AF9="","",COUNTIF($AC9:$AO9,AF9)) | DN9: =IF(AG9="","",COUNTIF($AC9:$AO9,AG9)) | DO9: =IF(AH9="","",COUNTIF($AC9:$AO9,AH9)) | DP9: =IF(AI9="","",COUNTIF($AC9:$AO9,AI9)) -> 1 | DQ9: =IF(AJ9="","",COUNTIF($AC9:$AO9,AJ9)) | ... EA9: =IF(AT9="","",COUNTIF($AC9:$AO9,AT9))
G10: 5 | H10: =TKB_LOP_SC!C10 -> 0 | I10: =TKB_LOP_SC!E10 -> 0 | J10: =TKB_LOP_SC!G10 -> 0 | K10: =TKB_LOP_SC!I10 -> 0 | L10: =TKB_LOP_SC!M10 -> 0 | M10: =TKB_LOP_SC!O10 -> 0 | N10: =TKB_LOP_SC!Q10 -> 0 | O10: =TKB_LOP_SC!S10 -> 0 | P10: =TKB_LOP_SC!W10 -> Toán - Tân | Q10: =TKB_LOP_SC!Y10 -> GVVN - Chánh | R10: =TKB_LOP_SC!AA10 -> Văn - Ánh NV | S10: =TKB_LOP_SC!AC10 -> 0 | T10: =TKB_LOP_SC!AE10 -> 0 | U10: =TKB_LOP_SC!AI10 -> 0 | V10: =TKB_LOP_SC!AK10 -> 0 | W10: =TKB_LOP_SC!AM10 -> 0 | X10: =TKB_LOP_SC!AO10 -> 0 | Y10: =TKB_LOP_SC!AQ10 -> 0 | AB10: 5 | AC10: =IFERROR(LEFT(AX10,FIND(",",AX10)-1),"") | AD10: =IFERROR(LEFT(AY10,FIND(",",AY10)-1),"") | AE10: =IFERROR(LEFT(AZ10,FIND(",",AZ10)-1),"") | AF10: =IFERROR(LEFT(BA10,FIND(",",BA10)-1),"") | AG10: =IFERROR(LEFT(BB10,FIND(",",BB10)-1),"") | AH10: =IFERROR(LEFT(BC10,FIND(",",BC10)-1),"") | AI10: =IFERROR(LEFT(BD10,FIND(",",BD10)-1),"") | AJ10: =IFERROR(LEFT(BE10,FIND(",",BE10)-1),"") | ... AP10: =IFERROR(LEFT(BK10,FIND(",",BK10)-1),"") | AQ10: =IFERROR(LEFT(BP10,FIND(",",BP10)-1),"") | AR10: =IFERROR(LEFT(BQ10,FIND(",",BQ10)-1),"") | AS10: =IFERROR(LEFT(BR10,FIND(",",BR10)-1),"") | AT10: =IFERROR(LEFT(BS10,FIND(",",BS10)-1),"") | AW10: 5 | AX10: =IFERROR(RIGHT(H10,LEN(H10)-FIND("-",H10)-1),"") | AY10: =IFERROR(RIGHT(I10,LEN(I10)-FIND("-",I10)-1),"") | AZ10: =IFERROR(RIGHT(J10,LEN(J10)-FIND("-",J10)-1),"") | BA10: =IFERROR(RIGHT(K10,LEN(K10)-FIND("-",K10)-1),"") | BB10: =IFERROR(RIGHT(L10,LEN(L10)-FIND("-",L10)-1),"") | BC10: =IFERROR(RIGHT(M10,LEN(M10)-FIND("-",M10)-1),"") | BD10: =IFERROR(RIGHT(N10,LEN(N10)-FIND("-",N10)-1),"") | BE10: =IFERROR(RIGHT(O10,LEN(O10)-FIND("-",O10)-1),"") | ... BO10: =IFERROR(RIGHT(Y10,LEN(Y10)-FIND("-",Y10)-1),"") | BR10: 5 | BS10: =IFERROR(RIGHT(AX10,LEN(AX10)-FIND(",",AX10)-1),AX10) | BT10: =IFERROR(RIGHT(AY10,LEN(AY10)-FIND(",",AY10)-1),AY10) | BU10: =IFERROR(RIGHT(AZ10,LEN(AZ10)-FIND(",",AZ10)-1),AZ10) | BV10: =IFERROR(RIGHT(BA10,LEN(BA10)-FIND(",",BA10)-1),BA10) | BW10: =IFERROR(RIGHT(BB10,LEN(BB10)-FIND(",",BB10)-1),BB10) | BX10: =IFERROR(RIGHT(BC10,LEN(BC10)-FIND(",",BC10)-1),BC10) | BY10: =IFERROR(RIGHT(BD10,LEN(BD10)-FIND(",",BD10)-1),BD10) | BZ10: =IFERROR(RIGHT(BE10,LEN(BE10)-FIND(",",BE10)-1),BE10) | ... CE10: =IFERROR(RIGHT(BJ10,LEN(BJ10)-FIND(",",BJ10)-1),BJ10) | CI10: 5 | CJ10: =IF(BS10="","",COUNTIF($BS10:$CE10,BS10)) | CK10: =IF(BT10="","",COUNTIF($BS10:$CE10,BT10)) | CL10: =IF(BU10="","",COUNTIF($BS10:$CE10,BU10)) | CM10: =IF(BV10="","",COUNTIF($BS10:$CE10,BV10)) | CN10: =IF(BW10="","",COUNTIF($BS10:$CE10,BW10)) | CO10: =IF(BX10="","",COUNTIF($BS10:$CE10,BX10)) | CP10: =IF(BY10="","",COUNTIF($BS10:$CE10,BY10)) | CQ10: =IF(BZ10="","",COUNTIF($BS10:$CE10,BZ10)) | ... DA10: =IF(CJ10="","",COUNTIF($BS10:$CE10,CJ10)) | DI10: 5 | DJ10: =IF(AC10="","",COUNTIF($AC10:$AO10,AC10)) | DK10: =IF(AD10="","",COUNTIF($AC10:$AO10,AD10)) | DL10: =IF(AE10="","",COUNTIF($AC10:$AO10,AE10)) | DM10: =IF(AF10="","",COUNTIF($AC10:$AO10,AF10)) | DN10: =IF(AG10="","",COUNTIF($AC10:$AO10,AG10)) | DO10: =IF(AH10="","",COUNTIF($AC10:$AO10,AH10)) | DP10: =IF(AI10="","",COUNTIF($AC10:$AO10,AI10)) | DQ10: =IF(AJ10="","",COUNTIF($AC10:$AO10,AJ10)) | ... EA10: =IF(AT10="","",COUNTIF($AC10:$AO10,AT10))
F11: Chiều | G11: 1 | H11: =TKB_LOP_SC!D6 -> GVVN - Trang | I11: =TKB_LOP_SC!F6 -> TViệt - Nhi | J11: =TKB_LOP_SC!H6 -> Tiếng Trung - Thanh | K11: =TKB_LOP_SC!J6 -> GVNN - Tay, Trà | L11: =TKB_LOP_SC!N6 -> GDTC - Hồng | M11: =TKB_LOP_SC!P6 -> TViệt - Ly | N11: =TKB_LOP_SC!R6 -> Toán - Phương Anh | O11: =TKB_LOP_SC!T6 -> GVVN - Bích | P11: =TKB_LOP_SC!X6 -> GDĐP - Ánh NV | Q11: =TKB_LOP_SC!Z6 -> Tin - Nguyên | R11: =TKB_LOP_SC!AB6 -> Toán - Tân | S11: =TKB_LOP_SC!AD6 -> HĐ tự chọn - Hiền | T11: =TKB_LOP_SC!AF6 -> HĐ tự chọn - MN1 | U11: =TKB_LOP_SC!AJ6 -> HĐ tự chọn - MN2 | V11: =TKB_LOP_SC!AL6 -> 0 | W11: =TKB_LOP_SC!AN6 -> 0 | X11: =TKB_LOP_SC!AP6 -> 0 | Y11: =TKB_LOP_SC!AR6 -> 0 | AA11: Chiều | AB11: 1 | AC11: =IFERROR(LEFT(AX11,FIND(",",AX11)-1),"") | AD11: =IFERROR(LEFT(AY11,FIND(",",AY11)-1),"") | AE11: =IFERROR(LEFT(AZ11,FIND(",",AZ11)-1),"") | AF11: =IFERROR(LEFT(BA11,FIND(",",BA11)-1),"") -> Tay | AG11: =IFERROR(LEFT(BB11,FIND(",",BB11)-1),"") | AH11: =IFERROR(LEFT(BC11,FIND(",",BC11)-1),"") | AI11: =IFERROR(LEFT(BD11,FIND(",",BD11)-1),"") | AJ11: =IFERROR(LEFT(BE11,FIND(",",BE11)-1),"") | ... AP11: =IFERROR(LEFT(BK11,FIND(",",BK11)-1),"") | AQ11: =IFERROR(LEFT(BP11,FIND(",",BP11)-1),"") | AR11: =IFERROR(LEFT(BQ11,FIND(",",BQ11)-1),"") | AS11: =IFERROR(LEFT(BR11,FIND(",",BR11)-1),"") | AT11: =IFERROR(LEFT(BS11,FIND(",",BS11)-1),"") | AV11: Chiều | AW11: 1 | AX11: =IFERROR(RIGHT(H11,LEN(H11)-FIND("-",H11)-1),"") -> Trang | AY11: =IFERROR(RIGHT(I11,LEN(I11)-FIND("-",I11)-1),"") -> Nhi | AZ11: =IFERROR(RIGHT(J11,LEN(J11)-FIND("-",J11)-1),"") -> Thanh | BA11: =IFERROR(RIGHT(K11,LEN(K11)-FIND("-",K11)-1),"") -> Tay, Trà | BB11: =IFERROR(RIGHT(L11,LEN(L11)-FIND("-",L11)-1),"") -> Hồng | BC11: =IFERROR(RIGHT(M11,LEN(M11)-FIND("-",M11)-1),"") -> Ly | BD11: =IFERROR(RIGHT(N11,LEN(N11)-FIND("-",N11)-1),"") -> Phương Anh | BE11: =IFERROR(RIGHT(O11,LEN(O11)-FIND("-",O11)-1),"") -> Bích | ... BO11: =IFERROR(RIGHT(Y11,LEN(Y11)-FIND("-",Y11)-1),"") | BQ11: Chiều | BR11: 1 | BS11: =IFERROR(RIGHT(AX11,LEN(AX11)-FIND(",",AX11)-1),AX11) -> Trang | BT11: =IFERROR(RIGHT(AY11,LEN(AY11)-FIND(",",AY11)-1),AY11) -> Nhi | BU11: =IFERROR(RIGHT(AZ11,LEN(AZ11)-FIND(",",AZ11)-1),AZ11) -> Thanh | BV11: =IFERROR(RIGHT(BA11,LEN(BA11)-FIND(",",BA11)-1),BA11) -> Trà | BW11: =IFERROR(RIGHT(BB11,LEN(BB11)-FIND(",",BB11)-1),BB11) -> Hồng | BX11: =IFERROR(RIGHT(BC11,LEN(BC11)-FIND(",",BC11)-1),BC11) -> Ly | BY11: =IFERROR(RIGHT(BD11,LEN(BD11)-FIND(",",BD11)-1),BD11) -> Phương Anh | BZ11: =IFERROR(RIGHT(BE11,LEN(BE11)-FIND(",",BE11)-1),BE11) -> Bích | ... CE11: =IFERROR(RIGHT(BJ11,LEN(BJ11)-FIND(",",BJ11)-1),BJ11) -> MN1 | CH11: Chiều | CI11: 1 | CJ11: =IF(BS11="","",COUNTIF($BS11:$CE11,BS11)) -> 1 | CK11: =IF(BT11="","",COUNTIF($BS11:$CE11,BT11)) -> 1 | CL11: =IF(BU11="","",COUNTIF($BS11:$CE11,BU11)) -> 1 | CM11: =IF(BV11="","",COUNTIF($BS11:$CE11,BV11)) -> 1 | CN11: =IF(BW11="","",COUNTIF($BS11:$CE11,BW11)) -> 1 | CO11: =IF(BX11="","",COUNTIF($BS11:$CE11,BX11)) -> 1 | CP11: =IF(BY11="","",COUNTIF($BS11:$CE11,BY11)) -> 1 | CQ11: =IF(BZ11="","",COUNTIF($BS11:$CE11,BZ11)) -> 1 | ... DA11: =IF(CJ11="","",COUNTIF($BS11:$CE11,CJ11)) -> 0 | DH11: Chiều | DI11: 1 | DJ11: =IF(AC11="","",COUNTIF($AC11:$AO11,AC11)) | DK11: =IF(AD11="","",COUNTIF($AC11:$AO11,AD11)) | DL11: =IF(AE11="","",COUNTIF($AC11:$AO11,AE11)) | DM11: =IF(AF11="","",COUNTIF($AC11:$AO11,AF11)) -> 1 | DN11: =IF(AG11="","",COUNTIF($AC11:$AO11,AG11)) | DO11: =IF(AH11="","",COUNTIF($AC11:$AO11,AH11)) | DP11: =IF(AI11="","",COUNTIF($AC11:$AO11,AI11)) | DQ11: =IF(AJ11="","",COUNTIF($AC11:$AO11,AJ11)) | ... EA11: =IF(AT11="","",COUNTIF($AC11:$AO11,AT11))
G12: 2 | H12: =TKB_LOP_SC!D7 -> TViệt - Ngọc Ánh | I12: =TKB_LOP_SC!F7 -> GVVN - Huyền | J12: =TKB_LOP_SC!H7 -> Toán - Linh TH | K12: =TKB_LOP_SC!J7 -> Science - Trà | L12: =TKB_LOP_SC!N7 -> GDTC - Hồng | M12: =TKB_LOP_SC!P7 -> Tiếng Trung - Thanh | N12: =TKB_LOP_SC!R7 -> TViệt - Ly | O12: =TKB_LOP_SC!T7 -> GVNN - Tay, Bích | P12: =TKB_LOP_SC!X7 -> Văn - Hà | Q12: =TKB_LOP_SC!Z7 -> Văn - Ánh NV | R12: =TKB_LOP_SC!AB7 -> Tiếng Trung - Châu | S12: =TKB_LOP_SC!AD7 -> TViệt - Hiền | T12: =TKB_LOP_SC!AF7 -> GVVN - Trang | U12: =TKB_LOP_SC!AJ7 -> GVVN - Trang | V12: =TKB_LOP_SC!AL7 -> 0 | W12: =TKB_LOP_SC!AN7 -> 0 | X12: =TKB_LOP_SC!AP7 -> 0 | Y12: =TKB_LOP_SC!AR7 -> GVNN - Aziz, Phượng | AB12: 2 | AC12: =IFERROR(LEFT(AX12,FIND(",",AX12)-1),"") | AD12: =IFERROR(LEFT(AY12,FIND(",",AY12)-1),"") | AE12: =IFERROR(LEFT(AZ12,FIND(",",AZ12)-1),"") | AF12: =IFERROR(LEFT(BA12,FIND(",",BA12)-1),"") | AG12: =IFERROR(LEFT(BB12,FIND(",",BB12)-1),"") | AH12: =IFERROR(LEFT(BC12,FIND(",",BC12)-1),"") | AI12: =IFERROR(LEFT(BD12,FIND(",",BD12)-1),"") | AJ12: =IFERROR(LEFT(BE12,FIND(",",BE12)-1),"") -> Tay | ... AP12: =IFERROR(LEFT(BK12,FIND(",",BK12)-1),"") | AQ12: =IFERROR(LEFT(BP12,FIND(",",BP12)-1),"") | AR12: =IFERROR(LEFT(BQ12,FIND(",",BQ12)-1),"") | AS12: =IFERROR(LEFT(BR12,FIND(",",BR12)-1),"") | AT12: =IFERROR(LEFT(BS12,FIND(",",BS12)-1),"") | AW12: 2 | AX12: =IFERROR(RIGHT(H12,LEN(H12)-FIND("-",H12)-1),"") -> Ngọc Ánh | AY12: =IFERROR(RIGHT(I12,LEN(I12)-FIND("-",I12)-1),"") -> Huyền | AZ12: =IFERROR(RIGHT(J12,LEN(J12)-FIND("-",J12)-1),"") -> Linh TH | BA12: =IFERROR(RIGHT(K12,LEN(K12)-FIND("-",K12)-1),"") -> Trà | BB12: =IFERROR(RIGHT(L12,LEN(L12)-FIND("-",L12)-1),"") -> Hồng | BC12: =IFERROR(RIGHT(M12,LEN(M12)-FIND("-",M12)-1),"") -> Thanh | BD12: =IFERROR(RIGHT(N12,LEN(N12)-FIND("-",N12)-1),"") -> Ly | BE12: =IFERROR(RIGHT(O12,LEN(O12)-FIND("-",O12)-1),"") -> Tay, Bích | ... BO12: =IFERROR(RIGHT(Y12,LEN(Y12)-FIND("-",Y12)-1),"") -> Aziz, Phượng | BR12: 2 | BS12: =IFERROR(RIGHT(AX12,LEN(AX12)-FIND(",",AX12)-1),AX12) -> Ngọc Ánh | BT12: =IFERROR(RIGHT(AY12,LEN(AY12)-FIND(",",AY12)-1),AY12) -> Huyền | BU12: =IFERROR(RIGHT(AZ12,LEN(AZ12)-FIND(",",AZ12)-1),AZ12) -> Linh TH | BV12: =IFERROR(RIGHT(BA12,LEN(BA12)-FIND(",",BA12)-1),BA12) -> Trà | BW12: =IFERROR(RIGHT(BB12,LEN(BB12)-FIND(",",BB12)-1),BB12) -> Hồng | BX12: =IFERROR(RIGHT(BC12,LEN(BC12)-FIND(",",BC12)-1),BC12) -> Thanh | BY12: =IFERROR(RIGHT(BD12,LEN(BD12)-FIND(",",BD12)-1),BD12) -> Ly | BZ12: =IFERROR(RIGHT(BE12,LEN(BE12)-FIND(",",BE12)-1),BE12) -> Bích | ... CE12: =IFERROR(RIGHT(BJ12,LEN(BJ12)-FIND(",",BJ12)-1),BJ12) -> Trang | CI12: 2 | CJ12: =IF(BS12="","",COUNTIF($BS12:$CE12,BS12)) -> 1 | CK12: =IF(BT12="","",COUNTIF($BS12:$CE12,BT12)) -> 1 | CL12: =IF(BU12="","",COUNTIF($BS12:$CE12,BU12)) -> 1 | CM12: =IF(BV12="","",COUNTIF($BS12:$CE12,BV12)) -> 1 | CN12: =IF(BW12="","",COUNTIF($BS12:$CE12,BW12)) -> 1 | CO12: =IF(BX12="","",COUNTIF($BS12:$CE12,BX12)) -> 1 | CP12: =IF(BY12="","",COUNTIF($BS12:$CE12,BY12)) -> 1 | CQ12: =IF(BZ12="","",COUNTIF($BS12:$CE12,BZ12)) -> 1 | ... DA12: =IF(CJ12="","",COUNTIF($BS12:$CE12,CJ12)) -> 0 | DI12: 2 | DJ12: =IF(AC12="","",COUNTIF($AC12:$AO12,AC12)) | DK12: =IF(AD12="","",COUNTIF($AC12:$AO12,AD12)) | DL12: =IF(AE12="","",COUNTIF($AC12:$AO12,AE12)) | DM12: =IF(AF12="","",COUNTIF($AC12:$AO12,AF12)) | DN12: =IF(AG12="","",COUNTIF($AC12:$AO12,AG12)) | DO12: =IF(AH12="","",COUNTIF($AC12:$AO12,AH12)) | DP12: =IF(AI12="","",COUNTIF($AC12:$AO12,AI12)) | DQ12: =IF(AJ12="","",COUNTIF($AC12:$AO12,AJ12)) -> 1 | ... EA12: =IF(AT12="","",COUNTIF($AC12:$AO12,AT12))
G13: 3 | H13: =TKB_LOP_SC!D8 -> TViệt - Ngọc Ánh | I13: =TKB_LOP_SC!F8 -> Toán - Phương Anh | J13: =TKB_LOP_SC!H8 -> GVVN - Trang | K13: =TKB_LOP_SC!J8 -> Viết sáng tạo - Xuân | L13: =TKB_LOP_SC!N8 -> GVVN - Trà | M13: =TKB_LOP_SC!P8 -> Science - Bích | N13: =TKB_LOP_SC!R8 -> Tiếng Trung - Thanh | O13: =TKB_LOP_SC!T8 -> Toán - Chi | P13: =TKB_LOP_SC!X8 -> Văn - Hà | Q13: =TKB_LOP_SC!Z8 -> Tiếng Trung - Châu | R13: =TKB_LOP_SC!AB8 -> GVNN - Tay, Quỳnh | S13: =TKB_LOP_SC!AD8 -> GDTC - Hồng | T13: =TKB_LOP_SC!AF8 -> TViệt - MN1 | U13: =TKB_LOP_SC!AJ8 -> Đọc sách - MN2 | V13: =TKB_LOP_SC!AL8 -> 0 | W13: =TKB_LOP_SC!AN8 -> GVVN - Linh | X13: =TKB_LOP_SC!AP8 -> GVNN - Aziz, Dung | Y13: =TKB_LOP_SC!AR8 -> 0 | AB13: 3 | AC13: =IFERROR(LEFT(AX13,FIND(",",AX13)-1),"") | AD13: =IFERROR(LEFT(AY13,FIND(",",AY13)-1),"") | AE13: =IFERROR(LEFT(AZ13,FIND(",",AZ13)-1),"") | AF13: =IFERROR(LEFT(BA13,FIND(",",BA13)-1),"") | AG13: =IFERROR(LEFT(BB13,FIND(",",BB13)-1),"") | AH13: =IFERROR(LEFT(BC13,FIND(",",BC13)-1),"") | AI13: =IFERROR(LEFT(BD13,FIND(",",BD13)-1),"") | AJ13: =IFERROR(LEFT(BE13,FIND(",",BE13)-1),"") | ... AP13: =IFERROR(LEFT(BK13,FIND(",",BK13)-1),"") | AQ13: =IFERROR(LEFT(BP13,FIND(",",BP13)-1),"") | AR13: =IFERROR(LEFT(BQ13,FIND(",",BQ13)-1),"") | AS13: =IFERROR(LEFT(BR13,FIND(",",BR13)-1),"") | AT13: =IFERROR(LEFT(BS13,FIND(",",BS13)-1),"") | AW13: 3 | AX13: =IFERROR(RIGHT(H13,LEN(H13)-FIND("-",H13)-1),"") -> Ngọc Ánh | AY13: =IFERROR(RIGHT(I13,LEN(I13)-FIND("-",I13)-1),"") -> Phương Anh | AZ13: =IFERROR(RIGHT(J13,LEN(J13)-FIND("-",J13)-1),"") -> Trang | BA13: =IFERROR(RIGHT(K13,LEN(K13)-FIND("-",K13)-1),"") -> Xuân | BB13: =IFERROR(RIGHT(L13,LEN(L13)-FIND("-",L13)-1),"") -> Trà | BC13: =IFERROR(RIGHT(M13,LEN(M13)-FIND("-",M13)-1),"") -> Bích | BD13: =IFERROR(RIGHT(N13,LEN(N13)-FIND("-",N13)-1),"") -> Thanh | BE13: =IFERROR(RIGHT(O13,LEN(O13)-FIND("-",O13)-1),"") -> Chi | ... BO13: =IFERROR(RIGHT(Y13,LEN(Y13)-FIND("-",Y13)-1),"") | BR13: 3 | BS13: =IFERROR(RIGHT(AX13,LEN(AX13)-FIND(",",AX13)-1),AX13) -> Ngọc Ánh | BT13: =IFERROR(RIGHT(AY13,LEN(AY13)-FIND(",",AY13)-1),AY13) -> Phương Anh | BU13: =IFERROR(RIGHT(AZ13,LEN(AZ13)-FIND(",",AZ13)-1),AZ13) -> Trang | BV13: =IFERROR(RIGHT(BA13,LEN(BA13)-FIND(",",BA13)-1),BA13) -> Xuân | BW13: =IFERROR(RIGHT(BB13,LEN(BB13)-FIND(",",BB13)-1),BB13) -> Trà | BX13: =IFERROR(RIGHT(BC13,LEN(BC13)-FIND(",",BC13)-1),BC13) -> Bích | BY13: =IFERROR(RIGHT(BD13,LEN(BD13)-FIND(",",BD13)-1),BD13) -> Thanh | BZ13: =IFERROR(RIGHT(BE13,LEN(BE13)-FIND(",",BE13)-1),BE13) -> Chi | ... CE13: =IFERROR(RIGHT(BJ13,LEN(BJ13)-FIND(",",BJ13)-1),BJ13) -> MN1 | CI13: 3 | CJ13: =IF(BS13="","",COUNTIF($BS13:$CE13,BS13)) -> 1 | CK13: =IF(BT13="","",COUNTIF($BS13:$CE13,BT13)) -> 1 | CL13: =IF(BU13="","",COUNTIF($BS13:$CE13,BU13)) -> 1 | CM13: =IF(BV13="","",COUNTIF($BS13:$CE13,BV13)) -> 1 | CN13: =IF(BW13="","",COUNTIF($BS13:$CE13,BW13)) -> 1 | CO13: =IF(BX13="","",COUNTIF($BS13:$CE13,BX13)) -> 1 | CP13: =IF(BY13="","",COUNTIF($BS13:$CE13,BY13)) -> 1 | CQ13: =IF(BZ13="","",COUNTIF($BS13:$CE13,BZ13)) -> 1 | ... DA13: =IF(CJ13="","",COUNTIF($BS13:$CE13,CJ13)) -> 0 | DI13: 3 | DJ13: =IF(AC13="","",COUNTIF($AC13:$AO13,AC13)) | DK13: =IF(AD13="","",COUNTIF($AC13:$AO13,AD13)) | DL13: =IF(AE13="","",COUNTIF($AC13:$AO13,AE13)) | DM13: =IF(AF13="","",COUNTIF($AC13:$AO13,AF13)) | DN13: =IF(AG13="","",COUNTIF($AC13:$AO13,AG13)) | DO13: =IF(AH13="","",COUNTIF($AC13:$AO13,AH13)) | DP13: =IF(AI13="","",COUNTIF($AC13:$AO13,AI13)) | DQ13: =IF(AJ13="","",COUNTIF($AC13:$AO13,AJ13)) | ... EA13: =IF(AT13="","",COUNTIF($AC13:$AO13,AT13))
